PatientID,cnn_emb_0,cnn_emb_1,cnn_emb_2,cnn_emb_3,cnn_emb_4,cnn_emb_5,cnn_emb_6,cnn_emb_7,cnn_emb_8,cnn_emb_9,cnn_emb_10,cnn_emb_11,cnn_emb_12,cnn_emb_13,cnn_emb_14,cnn_emb_15,cnn_emb_16,cnn_emb_17,cnn_emb_18,cnn_emb_19,cnn_emb_20,cnn_emb_21,cnn_emb_22,cnn_emb_23,cnn_emb_24,cnn_emb_25,cnn_emb_26,cnn_emb_27,cnn_emb_28,cnn_emb_29,cnn_emb_30,cnn_emb_31,cnn_emb_32,cnn_emb_33,cnn_emb_34,cnn_emb_35,cnn_emb_36,cnn_emb_37,cnn_emb_38,cnn_emb_39,cnn_emb_40,cnn_emb_41,cnn_emb_42,cnn_emb_43,cnn_emb_44,cnn_emb_45,cnn_emb_46,cnn_emb_47,cnn_emb_48,cnn_emb_49,cnn_emb_50,cnn_emb_51,cnn_emb_52,cnn_emb_53,cnn_emb_54,cnn_emb_55,cnn_emb_56,cnn_emb_57,cnn_emb_58,cnn_emb_59,cnn_emb_60,cnn_emb_61,cnn_emb_62,cnn_emb_63,cnn_emb_64,cnn_emb_65,cnn_emb_66,cnn_emb_67,cnn_emb_68,cnn_emb_69,cnn_emb_70,cnn_emb_71,cnn_emb_72,cnn_emb_73,cnn_emb_74,cnn_emb_75,cnn_emb_76,cnn_emb_77,cnn_emb_78,cnn_emb_79,cnn_emb_80,cnn_emb_81,cnn_emb_82,cnn_emb_83,cnn_emb_84,cnn_emb_85,cnn_emb_86,cnn_emb_87,cnn_emb_88,cnn_emb_89,cnn_emb_90,cnn_emb_91,cnn_emb_92,cnn_emb_93,cnn_emb_94,cnn_emb_95,cnn_emb_96,cnn_emb_97,cnn_emb_98,cnn_emb_99,cnn_emb_100,cnn_emb_101,cnn_emb_102,cnn_emb_103,cnn_emb_104,cnn_emb_105,cnn_emb_106,cnn_emb_107,cnn_emb_108,cnn_emb_109,cnn_emb_110,cnn_emb_111,cnn_emb_112,cnn_emb_113,cnn_emb_114,cnn_emb_115,cnn_emb_116,cnn_emb_117,cnn_emb_118,cnn_emb_119,cnn_emb_120,cnn_emb_121,cnn_emb_122,cnn_emb_123,cnn_emb_124,cnn_emb_125,cnn_emb_126,cnn_emb_127
006,0.019708897918462753,0.0,0.18977594375610352,0.0,0.10072750598192215,0.014009377919137478,0.12049651145935059,0.0,0.007480802480131388,0.09474978595972061,0.0,0.21296948194503784,0.03659184277057648,0.04604704678058624,0.00503665441647172,0.13147707283496857,0.08185825496912003,0.1306847333908081,0.3162292242050171,0.0,0.15089352428913116,0.0,0.6821087002754211,0.10126953572034836,0.1370178610086441,0.0,0.275699645280838,0.13113051652908325,0.2760870158672333,0.005386990029364824,0.0,0.31327515840530396,0.3132069408893585,0.10271670669317245,0.0,0.0,1.5369322299957275,0.20843778550624847,0.09272542595863342,0.07293509691953659,1.6656923294067383,0.0,0.14678294956684113,0.0,0.0,0.06388792395591736,0.0,0.0,0.3209091126918793,0.08858434855937958,0.0,0.004537144675850868,0.39276695251464844,0.013263557106256485,0.0311747919768095,0.0,0.12523622810840607,0.003850481240078807,0.0,0.036435436457395554,0.0,0.0,0.18652988970279694,0.0,0.0,0.0,0.12948065996170044,0.06736010313034058,0.10285452753305435,0.0,0.0,0.02364330366253853,0.0,0.0,0.0,0.0,0.02412828989326954,0.0,0.9847187399864197,0.09532772749662399,0.14684535562992096,0.0,0.0,0.06465306878089905,0.0740540400147438,0.06740401685237885,0.2656928300857544,0.03159308433532715,0.1616564393043518,0.00041509594302624464,0.004635564051568508,0.1990530788898468,0.0,0.06431008130311966,0.29217368364334106,0.11271873116493225,0.05628522112965584,0.32640397548675537,0.06856607645750046,0.04825476184487343,0.2001771330833435,0.0,0.05874643847346306,0.21832850575447083,0.02909538522362709,0.0,0.0,0.0,0.0,0.01032666489481926,0.0,0.014157303608953953,0.08079450577497482,0.038677193224430084,0.0,0.5054253935813904,0.0,0.012802671641111374,0.19180089235305786,3.144286893075332e-06,0.0,0.08501198142766953,0.10247877240180969,0.0,0.17726008594036102,0.0,0.0,0.004569068551063538
012,0.014322764240205288,0.0,0.1752714067697525,0.0,0.08288192003965378,0.015292329713702202,0.1362883746623993,0.0,0.01214586291462183,0.05432497709989548,0.0,0.23061002790927887,0.044297173619270325,0.041853006929159164,0.004737685434520245,0.08342458307743073,0.06633487343788147,0.13677869737148285,0.2871249318122864,0.0,0.1645299792289734,0.0,0.6729574799537659,0.0979451984167099,0.11399665474891663,0.0,0.2764418423175812,0.10976794362068176,0.24930885434150696,0.004833988379687071,0.0,0.2907201945781708,0.2762392461299896,0.12222395837306976,0.0,0.0,1.4520899057388306,0.20776867866516113,0.10877501964569092,0.07223864644765854,1.603284478187561,0.0,0.15229377150535583,0.0,0.0,0.038519635796546936,0.0,0.0,0.342924028635025,0.10930885374546051,0.0,0.005528728011995554,0.34618914127349854,0.0117412768304348,0.025916151702404022,0.0,0.11731007695198059,0.0032988700550049543,0.0,0.038420435041189194,0.0,0.0,0.15851207077503204,0.0,0.0,0.0,0.13293805718421936,0.06218016892671585,0.09416409581899643,0.0,0.0,0.023462951183319092,0.0,0.0,0.0,0.0,0.027993610128760338,1.4580776053207956e-07,0.9244341254234314,0.06484460830688477,0.11306712031364441,0.0,0.0,0.024353375658392906,0.05554474517703056,0.08454839885234833,0.19445842504501343,0.03147496283054352,0.1577749252319336,0.000356279662810266,0.0043740165419876575,0.14804863929748535,0.0,0.056976158171892166,0.2764979600906372,0.1175692230463028,0.05351985618472099,0.3164654076099396,0.051956500858068466,0.04939932003617287,0.19807614386081696,0.0,0.06370523571968079,0.22091911733150482,0.04259343072772026,0.0,0.0,0.0,0.0,0.010038483887910843,0.0,0.00752769922837615,0.07322415709495544,0.02197721041738987,0.0,0.46881580352783203,0.0,0.007584084291011095,0.17937098443508148,7.394686690531671e-05,0.0,0.09298746287822723,0.08602724224328995,0.0,0.1671064794063568,0.0,0.0,0.0028220403473824263
013,0.008339953608810902,0.0,0.26926103234291077,0.0,0.1041879951953888,0.012595034204423428,0.1641659140586853,0.0,0.0060901702381670475,0.0847402960062027,0.0,0.3126738667488098,0.03510984033346176,0.07653813064098358,0.004793895408511162,0.11753544956445694,0.1130777969956398,0.18049408495426178,0.28336966037750244,0.0,0.25651344656944275,0.0,0.7728118896484375,0.16371339559555054,0.1479504257440567,0.0,0.36534634232521057,0.12116740643978119,0.2684038281440735,0.00519436364993453,0.0,0.3540876507759094,0.38422828912734985,0.15426845848560333,0.0,0.0,1.843747854232788,0.3121706545352936,0.12678086757659912,0.0851767510175705,2.167781352996826,0.0,0.1953621208667755,0.0,0.0,0.05668561905622482,0.0,0.0,0.4494812786579132,0.11593489348888397,0.0,0.002296737628057599,0.4387848973274231,0.01305659580975771,0.042805418372154236,0.0,0.14726758003234863,0.0017834316240623593,0.0,0.04390370473265648,0.0,0.0,0.18393155932426453,0.0,0.0,0.0,0.14146210253238678,0.1289827823638916,0.15197521448135376,0.0,0.0,0.0224597305059433,0.0,0.0,0.0,0.0,0.024525584653019905,0.0,1.2709711790084839,0.09197916835546494,0.24112004041671753,0.0,0.0,0.08065681159496307,0.07939845323562622,0.10410138964653015,0.278047651052475,0.07696770876646042,0.21242022514343262,0.00013705775199923664,0.0048320721834897995,0.18546059727668762,0.0,0.07609732449054718,0.3040543496608734,0.17284923791885376,0.1349952518939972,0.4080488383769989,0.07650870084762573,0.055347830057144165,0.2342730462551117,0.0,0.10851718485355377,0.2524612843990326,0.04241031035780907,0.0,0.0,0.0,0.0,0.012140393257141113,0.0,0.013026962988078594,0.10616300255060196,0.038394853472709656,0.0,0.6521777510643005,0.0,0.04748384281992912,0.3082384169101715,0.0003165028465446085,0.0,0.09604420512914658,0.1891300529241562,0.00022601148521061987,0.2081633359193802,0.0,0.0,0.003703623078763485
014,0.009240778163075447,0.0,0.22379665076732635,0.0,0.08447340130805969,0.016184845939278603,0.15580064058303833,0.0,0.00708713149651885,0.05667605623602867,0.0,0.24229924380779266,0.03921099752187729,0.0385347381234169,0.0055023785680532455,0.11405818909406662,0.06700614094734192,0.12339731305837631,0.305978924036026,0.0,0.1895076483488083,0.0,0.7136858105659485,0.09661784768104553,0.11586272716522217,0.0,0.29317936301231384,0.10970736294984818,0.27983522415161133,0.0051128980703651905,0.0,0.3193831741809845,0.2723516523838043,0.09815216064453125,0.0,0.0,1.5670915842056274,0.2030709832906723,0.14240382611751556,0.08584115654230118,1.742519497871399,0.0,0.1467604637145996,0.0,0.0,0.047407303005456924,0.0,0.0,0.324745237827301,0.08652057498693466,0.0,0.0016970080323517323,0.3979584276676178,0.014581826515495777,0.0235558170825243,0.0,0.11999837309122086,0.0032447108533233404,0.0,0.04351004585623741,0.0,0.0,0.194169819355011,0.0,0.0,0.0,0.13198836147785187,0.06912540644407272,0.09993971139192581,0.0,0.0,0.02888372540473938,0.0,0.0,0.0,0.0,0.03649414703249931,0.0,1.0091632604599,0.0675024762749672,0.15982088446617126,0.0,0.0,0.03085171990096569,0.052566442638635635,0.0759505107998848,0.2078997939825058,0.035518620163202286,0.21294765174388885,0.00037626270204782486,0.002761924872174859,0.17053823173046112,0.0,0.07059419900178909,0.3202246129512787,0.12849223613739014,0.07207098603248596,0.370584636926651,0.0542788989841938,0.049134671688079834,0.19814278185367584,0.0,0.11406189203262329,0.2305622100830078,0.03721838817000389,0.0,0.0,0.0,0.0,0.010479013435542583,0.0,0.014599520713090897,0.09190633147954941,0.02484305389225483,0.0,0.5484105944633484,0.0,0.012626550160348415,0.22509907186031342,0.0001319338771281764,0.0,0.09539928287267685,0.1298123449087143,5.315113867254695e-06,0.17463000118732452,0.0,0.0,0.0015715862391516566
016,0.011573757976293564,0.0,0.31490492820739746,0.0,0.08402818441390991,0.013067304156720638,0.193876713514328,0.0,0.009356769733130932,0.06382951885461807,0.0,0.3675827085971832,0.04232693463563919,0.04129993915557861,0.0027285758405923843,0.11221907287836075,0.1045258492231369,0.14713288843631744,0.2774201035499573,0.0,0.30739784240722656,0.0,0.7332529425621033,0.12921670079231262,0.1359412521123886,0.0,0.25000429153442383,0.1135496124625206,0.24378591775894165,0.005498604848980904,0.0,0.3781362473964691,0.44492459297180176,0.12872420251369476,0.0,0.0,1.9109041690826416,0.3736969232559204,0.13135074079036713,0.06510614603757858,2.3265810012817383,0.0,0.2295716106891632,0.0,0.0,0.05111008137464523,0.0,0.0,0.4377487599849701,0.10346410423517227,0.0,0.005952117498964071,0.4692063331604004,0.01675715669989586,0.02884848415851593,0.0,0.12151321768760681,0.001374481013044715,0.0,0.04480324685573578,0.0,0.0,0.15708038210868835,0.0,0.0,0.0,0.1826585978269577,0.08490253984928131,0.12327203154563904,0.0,0.0,0.023509318009018898,0.0,0.0,0.0,1.8916161934612319e-06,0.02349734865128994,0.0,1.3606319427490234,0.048968877643346786,0.2344120591878891,0.0,0.0,0.059216588735580444,0.10412215441465378,0.08919042348861694,0.272097647190094,0.047869421541690826,0.2104332447052002,0.0,0.0037415451370179653,0.14134642481803894,0.0,0.0654696375131607,0.3225679099559784,0.19706684350967407,0.1322246789932251,0.4334385395050049,0.06810665130615234,0.05959385260939598,0.24679629504680634,0.0,0.0782131552696228,0.2604261636734009,0.0348464660346508,0.0,0.0,0.0,0.0,0.011624498292803764,0.0,0.014905123971402645,0.12076612561941147,0.02118297666311264,0.0,0.6887630224227905,0.0,0.026585746556520462,0.3505587875843048,0.0001501903316238895,0.0,0.1061282753944397,0.23107516765594482,0.0,0.19751733541488647,0.0,0.0,0.0034116606693714857
018,0.027023371309041977,0.0,0.22693580389022827,0.0,0.09875740110874176,0.011509157717227936,0.16349853575229645,0.0,0.02136036567389965,0.08832220733165741,0.0,0.258529931306839,0.04961465299129486,0.04409191757440567,0.005573160946369171,0.12651295959949493,0.09896354377269745,0.15853005647659302,0.35123106837272644,0.0,0.2354864627122879,0.0,0.8055511116981506,0.09994666278362274,0.14643855392932892,0.0,0.2874704897403717,0.13773693144321442,0.28758567571640015,0.00524332607164979,0.0,0.3667413890361786,0.42028266191482544,0.14723089337348938,0.0,0.0,1.8099277019500732,0.29556167125701904,0.11644823849201202,0.07493697106838226,2.0340981483459473,0.0,0.18886129558086395,0.0,0.0,0.06363806128501892,0.0,0.0,0.4245705008506775,0.11366553604602814,0.0,0.008468596264719963,0.4447363615036011,0.012227498926222324,0.020304547622799873,0.0,0.1462877094745636,0.0012346546864137053,0.0,0.03630515933036804,0.0,0.0,0.21198050677776337,0.0,0.0,0.0,0.1697254329919815,0.060768693685531616,0.09861981123685837,0.0,0.0,0.023454785346984863,0.0,0.0,0.0,0.0,0.025001229718327522,0.0,1.1980069875717163,0.08959846943616867,0.1558760553598404,0.0,0.0,0.0651819035410881,0.08899670839309692,0.08540002256631851,0.29542598128318787,0.03308047726750374,0.1870712786912918,0.0003650739381555468,0.005621674004942179,0.19993187487125397,0.0,0.07870756089687347,0.338864266872406,0.14221249520778656,0.07393912971019745,0.3649042546749115,0.0881611704826355,0.06167146563529968,0.25159651041030884,0.0,0.07270302623510361,0.24358095228672028,0.04341690614819527,0.0,0.0,0.0,0.0,0.006387854926288128,0.0,0.010060080327093601,0.08854638785123825,0.035745587199926376,0.0,0.576217770576477,0.0,0.016396772116422653,0.21797455847263336,0.0,0.0,0.11205757409334183,0.13957612216472626,0.0,0.21087753772735596,0.0,0.0,0.00466361828148365
020,0.025901976972818375,0.0,0.22489237785339355,0.0,0.08593462407588959,0.01691734604537487,0.18126143515110016,0.0,0.02419239468872547,0.06354646384716034,0.0,0.2776993215084076,0.057411257177591324,0.06847488135099411,0.002941651502624154,0.06253313273191452,0.10473664104938507,0.14587673544883728,0.283178448677063,0.0,0.24446682631969452,0.0,0.7900644540786743,0.12748084962368011,0.1269814670085907,0.0,0.30750805139541626,0.12240789830684662,0.26140904426574707,0.00682693300768733,0.0,0.3377712666988373,0.38811588287353516,0.14868272840976715,0.0,0.0,1.7458387613296509,0.28895410895347595,0.13137711584568024,0.0812450647354126,2.017803907394409,0.0,0.2278570681810379,0.0,0.0,0.043745946139097214,0.0,0.0,0.4190710186958313,0.12549948692321777,0.0,0.014360941015183926,0.43175506591796875,0.011125572957098484,0.044619109481573105,0.0,0.14435870945453644,0.0051328567788004875,0.0,0.04046519473195076,0.0,0.0,0.17173586785793304,0.0,0.0,0.0,0.1635163128376007,0.07313227653503418,0.10298601537942886,0.0,0.0,0.020840276032686234,0.0,0.0,0.0,0.0,0.01926531083881855,0.0,1.152580976486206,0.07098974287509918,0.1602799892425537,0.0,0.0,0.04335424304008484,0.10285744816064835,0.10634230822324753,0.23533593118190765,0.053179483860731125,0.18692190945148468,0.0003282201068941504,0.004121833946555853,0.13676901161670685,0.0,0.07638724148273468,0.30354756116867065,0.150628000497818,0.08959709107875824,0.35499170422554016,0.05841493979096413,0.07871343195438385,0.23615968227386475,0.0,0.0984349399805069,0.25450262427330017,0.036748964339494705,0.0,0.0,0.0,0.0,0.010982101783156395,0.0,0.014309952966868877,0.08194611966609955,0.030026113614439964,0.0,0.5377954840660095,0.0,0.02639688551425934,0.20112301409244537,0.00013622213737107813,0.0,0.11501409858465195,0.11995833367109299,0.0001772599498508498,0.19273559749126434,0.0,0.0,0.005046918522566557
023,0.010718553327023983,0.0,0.26516446471214294,0.0,0.10024277865886688,0.022196926176548004,0.1843307465314865,0.0,0.007850182242691517,0.0662362277507782,0.0,0.3261820673942566,0.04020819440484047,0.07716521620750427,0.00584921520203352,0.09471501410007477,0.11767984181642532,0.17052239179611206,0.2806648910045624,0.0,0.26135745644569397,0.0,0.8166257739067078,0.16975748538970947,0.14492464065551758,0.0,0.3761264979839325,0.11555410176515579,0.2893013656139374,0.0049971225671470165,0.0,0.3795470893383026,0.3876521587371826,0.15357844531536102,0.0,0.0,1.9125362634658813,0.30696988105773926,0.13864198327064514,0.07901307195425034,2.251879930496216,0.0,0.20469188690185547,0.0,0.0,0.052720487117767334,0.0,0.0,0.4461748003959656,0.10875802487134933,0.0,0.0027842700947076082,0.4721819758415222,0.01189327146857977,0.05217922106385231,0.0,0.1419653445482254,0.0021245116367936134,0.0,0.03872739523649216,0.0,0.0,0.17622601985931396,0.0,0.0,0.0,0.16843636333942413,0.12708193063735962,0.1436646282672882,0.0,0.0,0.02782670594751835,0.0,0.0,0.0,0.0,0.023816168308258057,0.0,1.324166178703308,0.07867038249969482,0.23140300810337067,0.0,0.0,0.07003949582576752,0.08125253021717072,0.1064479798078537,0.2595805823802948,0.08032137900590897,0.22038711607456207,0.0002150573127437383,0.003122118068858981,0.1685919165611267,0.0,0.08057952672243118,0.3308076858520508,0.17594043910503387,0.12993969023227692,0.43119099736213684,0.06411243230104446,0.06124776601791382,0.24771536886692047,0.0,0.1256473809480667,0.27912038564682007,0.03622952848672867,0.0,0.0,0.0,0.0,0.016128120943903923,0.0,0.01773275062441826,0.1208089292049408,0.034519508481025696,0.0,0.6615408658981323,0.0,0.056822195649147034,0.3012501299381256,0.00025586297851987183,0.0,0.09879881888628006,0.1780589371919632,0.00018003837612923235,0.20987968146800995,0.0,0.0,0.0032036229968070984
024,0.033198125660419464,0.0,0.2228664755821228,0.0,0.0817514955997467,0.013739556074142456,0.16036972403526306,0.0,0.019380558282136917,0.05615846440196037,0.0,0.26048657298088074,0.04769366607069969,0.045585595071315765,0.002456941641867161,0.17208442091941833,0.11146990209817886,0.11045490205287933,0.3118823170661926,0.0,0.21223701536655426,0.0,0.7604775428771973,0.0981188639998436,0.13588325679302216,0.0,0.2127939909696579,0.13800209760665894,0.18614307045936584,0.0025597596541047096,0.0,0.33237457275390625,0.4437347948551178,0.12940508127212524,0.0,0.0,1.7956223487854004,0.2921402156352997,0.09654325246810913,0.06402449309825897,2.076803684234619,0.0,0.1610107570886612,0.0,0.0,0.05675465613603592,0.0,0.0,0.391708105802536,0.08495078235864639,0.0,0.014355234801769257,0.5273398756980896,0.013581952080130577,0.04761543124914169,0.0,0.12758088111877441,0.002091656206175685,0.0,0.041059087961912155,0.0,0.0,0.18927276134490967,0.0,0.0,0.0,0.17994201183319092,0.054995931684970856,0.06680602580308914,0.0,0.0,0.0212339386343956,0.0,0.0,0.0,0.0,0.023151902481913567,0.0,1.228034496307373,0.05163175240159035,0.1492583453655243,0.0,0.0,0.020222550258040428,0.12252985686063766,0.06412310898303986,0.3320035934448242,0.04409997537732124,0.16062100231647491,0.0003150535630993545,0.005397680215537548,0.23594824969768524,0.0,0.06643938273191452,0.33454880118370056,0.140770822763443,0.06616473197937012,0.3553355932235718,0.09644060581922531,0.07636381685733795,0.20138077437877655,0.0,0.06364326924085617,0.2026435136795044,0.019924122840166092,0.0,0.0,0.0,0.0,0.005722982808947563,0.0,0.025361325591802597,0.08943313360214233,0.05470788851380348,0.0,0.5706525444984436,0.0,0.0222710520029068,0.214810311794281,0.0,0.0,0.0882527232170105,0.1476738601922989,0.0,0.18690073490142822,0.0,0.0,0.003745635040104389
025,0.018122276291251183,0.0,0.25599372386932373,0.0,0.08605442941188812,0.013527892529964447,0.19256961345672607,0.0,0.018707098439335823,0.052482765167951584,0.0,0.3298657238483429,0.04709668830037117,0.07515300810337067,0.0029810697305947542,0.07202309370040894,0.12805993854999542,0.16655562818050385,0.26961544156074524,0.0,0.30352768301963806,0.0,0.8216049075126648,0.16035908460617065,0.14431683719158173,0.0,0.3474786579608917,0.13036730885505676,0.26224181056022644,0.004810780752450228,0.0,0.37834444642066956,0.4326469898223877,0.18124638497829437,0.0,0.0,1.926188588142395,0.3564203381538391,0.12747333943843842,0.06750078499317169,2.3062186241149902,0.0,0.2267952561378479,0.0,0.0,0.047092024236917496,0.0,0.0,0.4857858717441559,0.13869452476501465,0.0,0.007898911833763123,0.46224015951156616,0.013755413703620434,0.05009222775697708,0.0,0.14480634033679962,0.0009822187712416053,0.0,0.03646386042237282,0.0,0.0,0.16595621407032013,0.0,0.0,0.0,0.1834709346294403,0.11595690250396729,0.13490180671215057,0.0,0.0,0.02133428491652012,0.0,0.0,0.0,0.0,0.02466336451470852,0.0,1.3313214778900146,0.06423729658126831,0.2109665870666504,0.0,0.0,0.061294008046388626,0.09776770323514938,0.11656180769205093,0.25463199615478516,0.07517627626657486,0.2071441113948822,0.00017284009663853794,0.005354751367121935,0.15063372254371643,0.0,0.07546689361333847,0.3214210569858551,0.18226954340934753,0.1251518875360489,0.4165708124637604,0.0716891661286354,0.07734068483114243,0.2589927613735199,0.0,0.11221066117286682,0.2756975293159485,0.043399520218372345,0.0,0.0,0.0,0.0,0.010792367160320282,0.0,0.011587030254304409,0.10660633444786072,0.029184766113758087,0.0,0.6431342363357544,0.0,0.04837806895375252,0.29345303773880005,3.4327342291362584e-05,0.0,0.11539759486913681,0.17386022210121155,0.0002820709196384996,0.21892161667346954,0.0,0.0,0.0036406463477760553
027,0.008809291757643223,0.0,0.16735415160655975,0.0,0.07404651492834091,0.015205868519842625,0.11369089037179947,0.0,0.006207192316651344,0.05247337371110916,0.0,0.2094847857952118,0.03415624797344208,0.04710515961050987,0.0027498139534145594,0.06733456254005432,0.06395567208528519,0.11358308792114258,0.22290512919425964,0.0,0.14680975675582886,0.0,0.5760406255722046,0.0948135182261467,0.08976545929908752,0.0,0.2465127855539322,0.09992548823356628,0.2066875398159027,0.003820754587650299,0.0,0.23848816752433777,0.24058763682842255,0.11211386322975159,0.0,0.0,1.2619514465332031,0.17892895638942719,0.0975128710269928,0.06202871352434158,1.4127953052520752,0.0,0.12644001841545105,0.0,0.0,0.034969646483659744,0.0,0.0,0.2983620762825012,0.08977930247783661,0.0,0.0043297260999679565,0.3135420083999634,0.016283022239804268,0.03249736130237579,0.0,0.08768408745527267,0.004783766809850931,0.0,0.041291240602731705,0.0,0.0,0.1206802949309349,0.0,0.0,0.0,0.11706624925136566,0.06801256537437439,0.0895446315407753,0.0,0.0,0.020878633484244347,0.0,0.0,0.0,0.0,0.029570119455456734,0.0,0.8057451248168945,0.055664487183094025,0.11214152723550797,0.0,0.0,0.025952240452170372,0.05514231696724892,0.07984820008277893,0.16103659570217133,0.027295216917991638,0.13696812093257904,0.0004710899665951729,0.005559867713600397,0.10916491597890854,0.0,0.04513457044959068,0.22312334179878235,0.1091497614979744,0.05642315372824669,0.29465723037719727,0.04173487797379494,0.047200631350278854,0.1528867483139038,0.0,0.05741282179951668,0.18145570158958435,0.030394256114959717,0.0,0.0,0.0,0.0,0.011472593992948532,0.0,0.013517867773771286,0.06828606873750687,0.021471865475177765,0.0,0.4296152591705322,0.0,0.013647224754095078,0.1665487438440323,0.0002218067820649594,0.0,0.07565218210220337,0.08199652284383774,0.0,0.13363967835903168,0.0,0.0,0.003563893726095557
030,0.008428575471043587,0.0,0.17701175808906555,0.0,0.07716083526611328,0.01383201964199543,0.12957623600959778,0.0,0.006181132048368454,0.04712299630045891,0.0,0.21774737536907196,0.030956599861383438,0.039822690188884735,0.0048150597140192986,0.07219016551971436,0.06855485588312149,0.12509579956531525,0.23823384940624237,0.0,0.18677718937397003,0.0,0.6101474165916443,0.09809839725494385,0.09688373655080795,0.0,0.2848302721977234,0.09852440655231476,0.2220151126384735,0.006629255134612322,0.0,0.2524774968624115,0.2499580681324005,0.11884866654872894,0.0,0.0,1.336463212966919,0.19703717529773712,0.10633637756109238,0.0685386136174202,1.5051155090332031,0.0,0.13080063462257385,0.0,0.0,0.03222932294011116,0.0,0.0,0.3270622193813324,0.11281715333461761,0.0,0.0016322152223438025,0.31746870279312134,0.014073310419917107,0.022169524803757668,0.0,0.1048787459731102,0.00318202399648726,0.0,0.03307089954614639,0.0,0.0,0.14052174985408783,0.0,0.0,0.0,0.11631607264280319,0.08009757101535797,0.09876124560832977,0.0,0.0,0.026359068229794502,0.0,0.0,0.0,0.0,0.030634189024567604,1.4868862308503594e-05,0.8494654893875122,0.058641187846660614,0.138906329870224,0.0,0.0,0.03126853331923485,0.05439263582229614,0.09029550105333328,0.16674330830574036,0.026026049628853798,0.18408584594726562,0.0004410815017763525,0.005731478333473206,0.1232961043715477,0.0,0.04935799911618233,0.23303814232349396,0.12263799458742142,0.07974950969219208,0.3187084197998047,0.051336269825696945,0.0463993139564991,0.17834077775478363,0.0,0.07102131843566895,0.1897396296262741,0.039213430136442184,0.0,0.0,0.0,0.0,0.01310705952346325,0.0,0.008745103143155575,0.07592569291591644,0.016916897147893906,0.0,0.4865913987159729,0.0,0.022309107705950737,0.20604905486106873,3.9996950363274664e-05,0.0,0.08899687975645065,0.11203141510486603,0.0,0.15511129796504974,0.0,0.0,0.0021205460652709007
032,0.024805324152112007,0.0,0.20256006717681885,0.0,0.07807257026433945,0.014737993478775024,0.16140173375606537,0.0,0.02399897575378418,0.051135092973709106,0.0,0.2653854489326477,0.055778730660676956,0.050453346222639084,0.002546176314353943,0.06605840474367142,0.08568501472473145,0.14457781612873077,0.2903570234775543,0.0,0.22239260375499725,0.0,0.7504934072494507,0.09901309758424759,0.11328092962503433,0.0,0.2675389349460602,0.12034916877746582,0.24143202602863312,0.004637797363102436,0.0,0.3115918040275574,0.36609771847724915,0.16138122975826263,0.0,0.0,1.634157419204712,0.2689313292503357,0.12443709373474121,0.06736941635608673,1.852863073348999,0.0,0.1954086720943451,0.0,0.0,0.0377868227660656,0.0,0.0,0.4071388840675354,0.11884663999080658,0.0,0.013777939602732658,0.39482995867729187,0.014628544449806213,0.03209798410534859,0.0,0.11925991624593735,0.004032270982861519,0.0,0.040294256061315536,0.0,0.0,0.15592648088932037,0.0,0.0,0.0,0.1791202276945114,0.052762001752853394,0.08440142869949341,0.0,0.0,0.022876787930727005,0.0,0.0,0.0,0.0,0.03087577223777771,0.0,1.0721335411071777,0.05636698380112648,0.11011672765016556,0.0,0.0,0.021664084866642952,0.08908599615097046,0.09839402884244919,0.20801332592964172,0.03277246281504631,0.15393586456775665,0.0003699953085742891,0.004902865272015333,0.12681637704372406,0.0,0.06491624563932419,0.299837589263916,0.13842682540416718,0.058138854801654816,0.3398129940032959,0.059869371354579926,0.06899642944335938,0.2172408103942871,0.0,0.07416039705276489,0.23610834777355194,0.04548032954335213,0.0,0.0,0.0,0.0,0.0072371880523860455,0.0,0.013485660776495934,0.07837652415037155,0.02399473264813423,0.0,0.4952470362186432,0.0,0.007513353135436773,0.17330515384674072,0.00024665117962285876,0.0,0.11401279270648956,0.09457721561193466,0.0,0.17555181682109833,0.0,0.0,0.005041643977165222
033,0.014956401661038399,0.0,0.19205503165721893,0.0,0.07026945054531097,0.013220557942986488,0.14028455317020416,0.0,0.01343834213912487,0.05527203530073166,0.0,0.23757879436016083,0.04467884078621864,0.0405290424823761,0.002548498334363103,0.07857818156480789,0.07731594890356064,0.1370016187429428,0.2408495992422104,0.0,0.2154267132282257,0.0,0.6398286819458008,0.09989417344331741,0.09511733055114746,0.0,0.25773805379867554,0.11728771775960922,0.20645831525325775,0.004037264734506607,0.0,0.2746734321117401,0.3094509243965149,0.1335076242685318,0.0,0.0,1.4188272953033447,0.23973706364631653,0.10720862448215485,0.06273709237575531,1.6303025484085083,0.0,0.16491173207759857,0.0,0.0,0.03979327902197838,0.0,0.0,0.3512093126773834,0.11889391392469406,0.0,0.004821924027055502,0.3520374894142151,0.012379924766719341,0.021046847105026245,0.0,0.11369099467992783,0.00025440557510592043,0.0,0.03471596911549568,0.0,0.0,0.15303035080432892,0.0,0.0,0.0,0.14613480865955353,0.0665244311094284,0.09646258503198624,0.0,0.0,0.021769611164927483,0.0,0.0,0.0,0.0,0.025109311565756798,0.0,0.940017580986023,0.04997583106160164,0.13196730613708496,0.0,0.0,0.03518260270357132,0.07675623893737793,0.0904506966471672,0.1889909952878952,0.03448595851659775,0.17497776448726654,0.0002838314394466579,0.005311665125191212,0.12710466980934143,0.0,0.05743871256709099,0.25309649109840393,0.1380826085805893,0.08085364103317261,0.31974485516548157,0.06559352576732635,0.055629581212997437,0.18964649736881256,0.0,0.07325013726949692,0.20343510806560516,0.04148456081748009,0.0,0.0,0.0,0.0,0.011136094108223915,0.0,0.007292174268513918,0.07545943558216095,0.023126795887947083,0.0,0.4933488965034485,0.0,0.014647068455815315,0.21280857920646667,0.0002002455439651385,0.0,0.1054689884185791,0.12515221536159515,0.0,0.1700526475906372,0.0,0.0,0.0032146575395017862
034,0.01225261390209198,0.0,0.15239296853542328,0.0,0.0653366819024086,0.023270074278116226,0.13187111914157867,0.0,0.011984922923147678,0.03433726727962494,0.0,0.20021505653858185,0.03926197439432144,0.051908332854509354,0.0026685544289648533,0.055671922862529755,0.05891096591949463,0.11058028787374496,0.21499034762382507,0.0,0.14048783481121063,0.0,0.5746439099311829,0.09756941348314285,0.07667838037014008,0.0,0.22297784686088562,0.09711312502622604,0.1934279352426529,0.005692416336387396,0.0,0.2407148778438568,0.2396053522825241,0.12227635830640793,0.0,0.0,1.2603482007980347,0.16904878616333008,0.09601839631795883,0.06129856035113335,1.3989641666412354,0.0,0.13858981430530548,0.0,0.0,0.026978760957717896,0.0,0.0,0.2987424433231354,0.10358983278274536,0.0,0.003757970407605171,0.30305996537208557,0.012844515033066273,0.034122541546821594,0.0,0.08862674236297607,0.006350203882902861,0.0,0.041558887809515,0.0,0.0,0.11451040953397751,0.0,0.0,0.0,0.11865507066249847,0.05654199793934822,0.0713132694363594,0.0,0.0,0.025817755609750748,0.0,0.0,0.0,0.0,0.03010977804660797,0.0,0.811488926410675,0.03962498530745506,0.09086011350154877,0.0,0.0,0.01829313300549984,0.05845073610544205,0.08856159448623657,0.142381489276886,0.027535459026694298,0.12622348964214325,0.00041494439938105643,0.006389655638486147,0.09194283187389374,0.0,0.04171052947640419,0.21472658216953278,0.10935819894075394,0.04982820898294449,0.2780304551124573,0.03478824719786644,0.05201422795653343,0.16706964373588562,0.0,0.05928608030080795,0.17831580340862274,0.034407101571559906,0.0,0.0,0.0,0.0,0.007068441715091467,0.0,0.014288416132330894,0.06053580716252327,0.020068606361746788,0.0,0.4009072780609131,0.0,0.0049677356146276,0.1274775117635727,3.622275107773021e-05,0.0,0.07316134124994278,0.05884496495127678,0.0,0.12497145682573318,0.0,0.0,0.0031582172960042953
037,0.014914415776729584,0.0,0.17763428390026093,0.0,0.08018682152032852,0.017933961004018784,0.12347426265478134,0.0,0.00929597020149231,0.05345430225133896,0.0,0.21314458549022675,0.038772810250520706,0.04344712942838669,0.003748434828594327,0.0690065249800682,0.06188490241765976,0.12483613938093185,0.25509360432624817,0.0,0.13718990981578827,0.0,0.601229190826416,0.10027472674846649,0.10523414611816406,0.0,0.26645800471305847,0.10162929445505142,0.2460118532180786,0.005039337556809187,0.0,0.2734254002571106,0.24193640053272247,0.1012711152434349,0.0,0.0,1.3055278062820435,0.1799151599407196,0.11813312023878098,0.06400392949581146,1.4429585933685303,0.0,0.14740297198295593,0.0,0.0,0.035656217485666275,0.0,0.0,0.3072902262210846,0.09438619762659073,0.0,0.004626957233995199,0.30720800161361694,0.01059588510543108,0.03693829104304314,0.0,0.10052609443664551,0.004035069607198238,0.0,0.04353443533182144,0.0,0.0,0.141602024435997,0.0,0.0,0.0,0.11144597828388214,0.0681442841887474,0.09399454295635223,0.0,0.0,0.01852552406489849,0.0,0.0,0.0,0.0,0.02607138827443123,0.0,0.8395193815231323,0.06302178651094437,0.10812859237194061,0.0,0.0,0.027769718319177628,0.058158617466688156,0.08749523013830185,0.17811380326747894,0.03567156940698624,0.1436196118593216,0.0002669992099981755,0.004443719517439604,0.13615785539150238,0.0,0.051327455788850784,0.24747715890407562,0.11057645082473755,0.049954209476709366,0.2846812903881073,0.03478769585490227,0.047756094485521317,0.1854158490896225,0.0,0.06458678096532822,0.2054927796125412,0.03825605660676956,0.0,0.0,0.0,0.0,0.009897815063595772,0.0,0.011950874701142311,0.06949587911367416,0.022442277520895004,0.0,0.4246986210346222,0.0,0.007324944715946913,0.17036250233650208,9.283865074394271e-05,0.0,0.07986492663621902,0.0764666274189949,3.740673264474026e-06,0.14451797306537628,0.0,0.0,0.0041945152916014194
040,0.01751057244837284,0.0,0.20651476085186005,0.0,0.0943208858370781,0.009673946537077427,0.19381023943424225,0.0,0.00832525547593832,0.08257701992988586,0.0,0.2597431242465973,0.031622376292943954,0.06164354458451271,0.0030789661686867476,0.11932698637247086,0.09843382239341736,0.12026046961545944,0.30811652541160583,0.0,0.18874520063400269,0.0,0.6846553683280945,0.09044206142425537,0.13479217886924744,0.0,0.24996469914913177,0.14010417461395264,0.24663551151752472,0.0035730991512537003,0.0,0.37042108178138733,0.4486844539642334,0.12689125537872314,0.0,0.0,1.6439872980117798,0.2716798782348633,0.09280577301979065,0.09552448987960815,1.918063759803772,0.0,0.17950397729873657,0.0,0.0,0.05637295916676521,0.0,0.0,0.38143405318260193,0.059332262724637985,0.0,0.003909427672624588,0.45706769824028015,0.010421921499073505,0.03521440923213959,0.0,0.10871756076812744,0.005211168900132179,0.0,0.03691895306110382,0.0,0.0,0.18873430788516998,0.0,0.0,0.0,0.18436945974826813,0.04790500923991203,0.0921449363231659,0.0,0.0,0.019440092146396637,0.0,0.0,0.0,0.0,0.021367283537983894,0.0,1.0827831029891968,0.07575098425149918,0.13170680403709412,0.0,0.0,0.0454370342195034,0.07935769110918045,0.06666872650384903,0.3172609806060791,0.042882755398750305,0.14472436904907227,0.0003807504253927618,0.00413403008133173,0.18198668956756592,0.0,0.06159883365035057,0.3604976236820221,0.1589917093515396,0.056407857686281204,0.34658971428871155,0.06806100159883499,0.10282027721405029,0.21938638389110565,0.0,0.06855831295251846,0.24017393589019775,0.02583327889442444,0.0,0.0,0.0,0.0,0.006109647452831268,0.0,0.03235475346446037,0.08380678296089172,0.06357328593730927,0.0,0.5298383235931396,0.0,0.0076325093396008015,0.20755143463611603,1.909406819322612e-05,0.0,0.08912333846092224,0.11082226783037186,0.0,0.21455395221710205,0.0,0.0,0.002699738135561347
041,0.009204290807247162,0.0,0.25262686610221863,0.0,0.10767444223165512,0.0220898799598217,0.1639021933078766,0.0,0.006747782696038485,0.07507292181253433,0.0,0.2947559952735901,0.04641876742243767,0.09020908921957016,0.0029881249647587538,0.08075732737779617,0.11551898717880249,0.16884204745292664,0.2724606692790985,0.0,0.23061832785606384,0.0,0.8295442461967468,0.16802814602851868,0.14491954445838928,0.0,0.3888971209526062,0.11497688293457031,0.2911359965801239,0.005080465227365494,0.0,0.3547644019126892,0.35451850295066833,0.17105993628501892,0.0,0.0,1.9078840017318726,0.28568053245544434,0.1344756782054901,0.08509337902069092,2.190680503845215,0.0,0.20117177069187164,0.0,0.0,0.05236339941620827,0.0,0.0,0.4510688781738281,0.11724366992712021,0.0,0.004535011015832424,0.44450241327285767,0.01638609729707241,0.05780068039894104,0.0,0.15091362595558167,0.0066192676313221455,0.0,0.04630468040704727,0.0,0.0,0.16137780249118805,0.0,0.0,0.0,0.13181807100772858,0.127547025680542,0.14071601629257202,0.0,0.0,0.027116592973470688,0.0,0.0,0.0,0.0,0.026987772434949875,0.0,1.2706769704818726,0.09483762830495834,0.23480865359306335,0.0,0.0,0.06827349960803986,0.08568233996629715,0.11403468996286392,0.24844923615455627,0.06759572774171829,0.1984257996082306,0.00034501939080655575,0.00593396695330739,0.1493859440088272,0.0,0.08080800622701645,0.29362231492996216,0.1511215716600418,0.12292034924030304,0.4049293100833893,0.05065388232469559,0.06026400253176689,0.239034041762352,0.0,0.10633587837219238,0.26209723949432373,0.03974530100822449,0.0,0.0,0.0,0.0,0.014385019429028034,0.0,0.01373751275241375,0.10222957283258438,0.03417854756116867,0.0,0.6196116209030151,0.0,0.06212478131055832,0.2548731863498688,0.00032994733192026615,0.0,0.08658649027347565,0.13982447981834412,0.00029132532654330134,0.19106779992580414,0.0,0.0,0.005272145848721266
042,0.022301603108644485,0.0,0.2105036973953247,0.0,0.08919078856706619,0.00964413583278656,0.17210353910923004,0.0,0.02798369899392128,0.08455806970596313,0.0,0.23894818127155304,0.026583796367049217,0.0577462837100029,0.0035360422916710377,0.11985163390636444,0.10403575003147125,0.10968612134456635,0.31519654393196106,0.0,0.1950322836637497,0.0,0.6873230338096619,0.09419583529233932,0.13796484470367432,0.0,0.23329328000545502,0.13474442064762115,0.23937952518463135,0.0033577459398657084,0.0,0.342003732919693,0.4395044147968292,0.1184953898191452,0.0,0.0,1.6175423860549927,0.27765727043151855,0.10068929195404053,0.08762594312429428,1.8690093755722046,0.0,0.16668525338172913,0.0,0.0,0.05971987172961235,0.0,0.0,0.37420859932899475,0.06897248327732086,0.0,0.004919673316180706,0.44926637411117554,0.010296029970049858,0.03074325993657112,0.0,0.11047029495239258,0.0030764932744205,0.0,0.03523197025060654,0.0,0.0,0.19649024307727814,0.0,0.0,0.0,0.18967780470848083,0.046743474900722504,0.08136947453022003,0.0,0.0,0.017644217237830162,0.0,0.0,0.0,0.0,0.02241361513733864,0.0,1.0992393493652344,0.07305864244699478,0.1251053661108017,0.0,0.0,0.061355505138635635,0.1036679595708847,0.06898947805166245,0.31262871623039246,0.0403689406812191,0.1450667679309845,0.00033203777275048196,0.004307722672820091,0.19771043956279755,0.0,0.06520707905292511,0.3315812945365906,0.14553788304328918,0.05698647350072861,0.32173267006874084,0.07891874015331268,0.08721407502889633,0.22478923201560974,0.0,0.06776561588048935,0.20958416163921356,0.018978307023644447,0.0,0.0,0.0,0.0,0.005543302278965712,0.0,0.019563844427466393,0.08246462792158127,0.05864628031849861,0.0,0.5102678537368774,0.0,0.005969284567981958,0.18177995085716248,0.0,0.0,0.09430507570505142,0.11899308115243912,8.407711789004679e-07,0.208236426115036,0.0,0.0,0.002639360958710313
046,0.008949719369411469,0.0,0.2562935948371887,0.0,0.09032528847455978,0.01849648915231228,0.18462422490119934,0.0,0.00992488395422697,0.0637512281537056,0.0,0.3158875107765198,0.03973415493965149,0.07696501165628433,0.002377020427957177,0.07620576024055481,0.1209971010684967,0.15449874103069305,0.24159972369670868,0.0,0.26929864287376404,0.0,0.7570679783821106,0.16173231601715088,0.1352922022342682,0.0,0.33787405490875244,0.11696761846542358,0.26217973232269287,0.0062072547152638435,0.0,0.3582439124584198,0.38801097869873047,0.153204083442688,0.0,0.0,1.8045265674591064,0.3092782199382782,0.1227261871099472,0.07303853332996368,2.1459121704101562,0.0,0.20400309562683105,0.0,0.0,0.04839691147208214,0.0,0.0,0.43478095531463623,0.12551438808441162,0.0,0.0030916533432900906,0.44023263454437256,0.014415763318538666,0.048540934920310974,0.0,0.1296486109495163,0.0012388493632897735,0.0,0.038116056472063065,0.0,0.0,0.15223589539527893,0.0,0.0,0.0,0.15876279771327972,0.11889395862817764,0.1393684446811676,0.0,0.0,0.022770017385482788,0.0,0.0,0.0,0.0,0.02315964177250862,2.1461328287841752e-06,1.2362563610076904,0.06842833012342453,0.22660207748413086,0.0,0.0,0.06604412198066711,0.08283795416355133,0.1114683598279953,0.23867346346378326,0.07187935709953308,0.20583385229110718,0.000256502244155854,0.003885599784553051,0.1417393535375595,0.0,0.074111707508564,0.30158731341362,0.1764807105064392,0.13209986686706543,0.40079325437545776,0.060033224523067474,0.07026355713605881,0.2293136715888977,0.0,0.1124216765165329,0.2544894814491272,0.03473903238773346,0.0,0.0,0.0,0.0,0.013631213456392288,0.0,0.012938365340232849,0.1013794019818306,0.029424015432596207,0.0,0.629382312297821,0.0,0.05414925515651703,0.2999815344810486,0.00018797736265696585,0.0,0.09379313141107559,0.17842534184455872,0.00028060926706530154,0.20480482280254364,0.0,0.0,0.0037601946387439966
048,0.007282591890543699,0.0,0.3177087903022766,0.0,0.08709722012281418,0.008499828167259693,0.1689404994249344,0.0,0.0034252917394042015,0.05371909216046333,0.0,0.36106550693511963,0.03876101225614548,0.029493167996406555,0.0033277992624789476,0.13159821927547455,0.091148741543293,0.13853605091571808,0.2824094295501709,0.0,0.2982815206050873,0.0,0.6390910744667053,0.11580566316843033,0.1365361362695694,0.0,0.2595215439796448,0.1008959636092186,0.2463812679052353,0.005858087446540594,0.0,0.3348340094089508,0.39684608578681946,0.11685136705636978,0.0,0.0,1.7431678771972656,0.3609468936920166,0.1466270238161087,0.06427659839391708,2.157925844192505,0.0,0.20318853855133057,0.0,0.0,0.0445626936852932,0.0,0.0,0.4244740307331085,0.09834595769643784,0.0,0.0012523477198556066,0.40559908747673035,0.015219188295304775,0.007863410748541355,0.0,0.12820817530155182,0.0012928585056215525,0.0,0.04489162564277649,0.0,0.0,0.15625911951065063,0.0,0.0,0.0,0.14669130742549896,0.0812990590929985,0.10867282003164291,0.0,0.0,0.018008215352892876,0.0,0.0,0.0,0.0,0.01950974576175213,0.0,1.2513478994369507,0.05036495625972748,0.24749554693698883,0.0,0.0,0.05489403381943703,0.08847566694021225,0.0867423415184021,0.2674427628517151,0.03891889750957489,0.22877876460552216,0.0,0.005783922504633665,0.1563265472650528,0.0,0.05827079713344574,0.2842514216899872,0.1854512244462967,0.1456252783536911,0.4079171419143677,0.055099815130233765,0.042611535638570786,0.25145018100738525,0.0,0.07706903666257858,0.24244029819965363,0.04679546132683754,0.0,0.0,0.0,0.0,0.014754376374185085,0.0,0.01349283754825592,0.11930737644433975,0.016002850607037544,0.0,0.6780009865760803,0.0,0.02356594242155552,0.367058128118515,0.0002328004193259403,0.0,0.11144091933965683,0.25178393721580505,0.0,0.18623457849025726,0.0,0.0,0.0028303051367402077
049,0.014925604686141014,0.0,0.19935104250907898,0.0,0.10536535084247589,0.019445978105068207,0.15277671813964844,0.0,0.01317049190402031,0.0936284214258194,0.0,0.2417186200618744,0.04199345037341118,0.05090852454304695,0.006160436198115349,0.1345788687467575,0.07587412744760513,0.1382031887769699,0.33132854104042053,0.0,0.15218013525009155,0.0,0.7324454188346863,0.09769220650196075,0.13884347677230835,0.0,0.2892680764198303,0.12900277972221375,0.2934930920600891,0.004831291269510984,0.0,0.3485272228717804,0.32297730445861816,0.10284192115068436,0.0,0.0,1.6391619443893433,0.20327544212341309,0.10465177893638611,0.07878044247627258,1.7684965133666992,0.0,0.1633804887533188,0.0,0.0,0.0631207823753357,0.0,0.0,0.33308762311935425,0.08850681781768799,0.0,0.00438465503975749,0.42942720651626587,0.011256958357989788,0.0361836701631546,0.0,0.11773277074098587,0.003270957851782441,0.0,0.04210411757230759,0.0,0.0,0.19619007408618927,0.0,0.0,0.0,0.13937339186668396,0.06813538074493408,0.1076013520359993,0.0,0.0,0.029694577679038048,0.0,0.0,0.0,0.0,0.02862369641661644,0.0,1.0423656702041626,0.08924219757318497,0.14500974118709564,0.0,0.0,0.05043003708124161,0.07800354808568954,0.0671451985836029,0.25932687520980835,0.035477928817272186,0.16173720359802246,0.00037544159567914903,0.004107285290956497,0.19588154554367065,0.0,0.06693625450134277,0.3299066424369812,0.12929484248161316,0.05180878937244415,0.3478516638278961,0.0680740550160408,0.05898956209421158,0.20488421618938446,0.0,0.06454730033874512,0.2428685575723648,0.02973502315580845,0.0,0.0,0.0,0.0,0.008365173824131489,0.0,0.019222795963287354,0.07984950393438339,0.041224218904972076,0.0,0.5200501680374146,0.0,0.008298995904624462,0.2031387984752655,3.358456160640344e-05,0.0,0.07982416450977325,0.10117513686418533,0.0,0.18767939507961273,0.0,0.0,0.001781418570317328
052,0.01062209066003561,0.0,0.2065482884645462,0.0,0.07096154242753983,0.021761015057563782,0.14966829121112823,0.0,0.008650493808090687,0.043496448546648026,0.0,0.23902833461761475,0.04041546955704689,0.049323465675115585,0.003949295729398727,0.08021668344736099,0.08174183964729309,0.12706203758716583,0.23721520602703094,0.0,0.20499195158481598,0.0,0.69427490234375,0.12896309792995453,0.09789585322141647,0.0,0.30028218030929565,0.10223644226789474,0.25488609075546265,0.004343774635344744,0.0,0.3046579360961914,0.27355554699897766,0.11968264728784561,0.0,0.0,1.5295823812484741,0.21300439536571503,0.133437842130661,0.07621040940284729,1.7509897947311401,0.0,0.14759622514247894,0.0,0.0,0.0397774800658226,0.0,0.0,0.34206295013427734,0.1102367714047432,0.0,0.0008463829872198403,0.38200080394744873,0.011557321064174175,0.02858682908117771,0.0,0.11529073864221573,0.0018526139901950955,0.0,0.04012798145413399,0.0,0.0,0.15714772045612335,0.0,0.0,0.0,0.12925906479358673,0.0832514688372612,0.10177570581436157,0.0,0.0,0.027096040546894073,0.0,0.0,0.0,0.0,0.02819925546646118,5.123812661622651e-05,1.0137157440185547,0.06058494374155998,0.17352022230625153,0.0,0.0,0.035235241055488586,0.0596490241587162,0.09703131765127182,0.19023023545742035,0.0454927422106266,0.19771891832351685,0.00048086862079799175,0.0042985426262021065,0.12709544599056244,0.0,0.05962042510509491,0.2736125588417053,0.12399036437273026,0.09160544723272324,0.34880325198173523,0.04692193865776062,0.04979517683386803,0.2061910182237625,0.0,0.10831063985824585,0.22184091806411743,0.03673078492283821,0.0,0.0,0.0,0.0,0.011915874667465687,0.0,0.010964014567434788,0.08408062905073166,0.01925555057823658,0.0,0.5279843211174011,0.0,0.030703812837600708,0.21679063141345978,0.0001609953324077651,0.0,0.09527510404586792,0.11318811029195786,8.233836706494913e-05,0.1591043621301651,0.0,0.0,0.0009839244885370135
054,0.009173372760415077,0.0,0.18704001605510712,0.0,0.08708187192678452,0.012024502269923687,0.126485213637352,0.0,0.005530190654098988,0.0582159198820591,0.0,0.2231539785861969,0.039618752896785736,0.037076570093631744,0.00399992847815156,0.09107643365859985,0.06738888472318649,0.1308024376630783,0.2690640389919281,0.0,0.18901194632053375,0.0,0.6498149037361145,0.09667925536632538,0.11581774801015854,0.0,0.3061344623565674,0.1047246903181076,0.27362146973609924,0.005714842583984137,0.0,0.2898319363594055,0.2601836621761322,0.1164659783244133,0.0,0.0,1.4217370748519897,0.20264731347560883,0.12174718827009201,0.06773441284894943,1.5850799083709717,0.0,0.1363511085510254,0.0,0.0,0.038425084203481674,0.0,0.0,0.33844679594039917,0.12024523317813873,0.0,0.0006760644027963281,0.33112916350364685,0.01263511087745428,0.02384614758193493,0.0,0.1138523668050766,0.001982248155400157,0.0,0.036042504012584686,0.0,0.0,0.16479475796222687,0.0,0.0,0.0,0.11284052580595016,0.0794050320982933,0.11018236726522446,0.0,0.0,0.023638322949409485,0.0,0.0,0.0,0.0,0.023257354274392128,0.0,0.8950368762016296,0.0671311616897583,0.15745702385902405,0.0,0.0,0.027604924514889717,0.05292002111673355,0.08961179107427597,0.18649865686893463,0.027880338951945305,0.19204309582710266,0.00034984207013621926,0.004899259656667709,0.14964118599891663,0.0,0.05526336655020714,0.27378079295158386,0.1194906011223793,0.07799788564443588,0.3201262056827545,0.045004814863204956,0.045800644904375076,0.20422448217868805,0.0,0.07249318808317184,0.2177596092224121,0.04608827829360962,0.0,0.0,0.0,0.0,0.008825818076729774,0.0,0.007071154657751322,0.07545014470815659,0.014952565543353558,0.0,0.4926660358905792,0.0,0.02266152761876583,0.24494750797748566,8.112925570458174e-05,0.0,0.08979402482509613,0.11301566660404205,0.0,0.1685800552368164,0.0,0.0,0.0017110053449869156
058,0.009617005474865437,0.0,0.2544167935848236,0.0,0.09592250734567642,0.013825454749166965,0.17438681423664093,0.0,0.006174822803586721,0.06971646100282669,0.0,0.3110082149505615,0.04216880723834038,0.0748695656657219,0.0045276605524122715,0.09207794815301895,0.10953013598918915,0.16905876994132996,0.26356634497642517,0.0,0.2648334205150604,0.0,0.7582358717918396,0.15826193988323212,0.1457599550485611,0.0,0.3676472306251526,0.11972098797559738,0.27882835268974304,0.005792862735688686,0.0,0.35552486777305603,0.37452417612075806,0.15529169142246246,0.0,0.0,1.8029316663742065,0.30546876788139343,0.12419069558382034,0.07857507467269897,2.125606060028076,0.0,0.2069542109966278,0.0,0.0,0.05089902505278587,0.0,0.0,0.43614840507507324,0.1273079663515091,0.0,0.0028548440895974636,0.4223613142967224,0.013976054266095161,0.041926268488168716,0.0,0.1445305496454239,0.003279617289081216,0.0,0.03690466657280922,0.0,0.0,0.1656099259853363,0.0,0.0,0.0,0.1497013121843338,0.11484996229410172,0.1387414038181305,0.0,0.0,0.02256365679204464,0.0,0.0,0.0,0.0,0.02377677522599697,0.0,1.2275794744491577,0.07733143866062164,0.22701731324195862,0.0,0.0,0.07037338614463806,0.08070703595876694,0.10788252204656601,0.24945545196533203,0.07358010113239288,0.22442594170570374,0.00016182025137823075,0.005009911954402924,0.16647109389305115,0.0,0.07453818619251251,0.3037392199039459,0.1741669923067093,0.136018767952919,0.40311285853385925,0.06350641697645187,0.06377781182527542,0.23944462835788727,0.0,0.11610939353704453,0.2686707377433777,0.04267292097210884,0.0,0.0,0.0,0.0,0.014397420920431614,0.0,0.012562700547277927,0.10841403156518936,0.029664020985364914,0.0,0.629425048828125,0.0,0.048398107290267944,0.30290254950523376,0.00013267260510474443,0.0,0.0993538573384285,0.17918160557746887,0.0002686264051590115,0.20862977206707,0.0,0.0,0.004282714333385229
065,0.01161467656493187,0.0,0.14276985824108124,0.0,0.05291144922375679,0.013952312059700489,0.1305031031370163,0.0,0.005455195903778076,0.039411693811416626,0.0,0.17915141582489014,0.027586396783590317,0.041077349334955215,0.003024694975465536,0.04962638020515442,0.06007593870162964,0.08841788023710251,0.1744779497385025,0.0,0.14042960107326508,0.0,0.46935707330703735,0.07568374276161194,0.06894329935312271,0.0,0.18270719051361084,0.101467564702034,0.16075578331947327,0.005621679127216339,0.0,0.20923557877540588,0.21196028590202332,0.08423211425542831,0.0,0.0,1.019701361656189,0.15462598204612732,0.07557816803455353,0.05408443138003349,1.157401442527771,0.0,0.11313507705926895,0.0,0.0,0.031039824709296227,0.0,0.0,0.2410448044538498,0.08709421753883362,0.0,0.0027369982562959194,0.27241459488868713,0.014667211100459099,0.0219244584441185,4.3421314899205754e-07,0.06955758482217789,0.0018149825045838952,0.0,0.030591968446969986,0.0,0.0,0.10607631504535675,0.0,0.0,0.0,0.11513839662075043,0.04925026744604111,0.06876824796199799,0.0,0.0,0.01862836442887783,0.0,0.0,0.0,0.0,0.030601954087615013,4.392664322949713e-06,0.6465331315994263,0.03086514212191105,0.0878901332616806,0.0,0.0,0.023257503286004066,0.055445171892642975,0.06894711405038834,0.13016709685325623,0.02411758154630661,0.1317242830991745,0.00044579533278010786,0.0052125705406069756,0.09383746236562729,0.0,0.03923817723989487,0.19176891446113586,0.11127226054668427,0.05773835629224777,0.2578749656677246,0.04479970037937164,0.0560559444129467,0.12540356814861298,0.0,0.062021106481552124,0.15419499576091766,0.023478886112570763,0.0,0.0,0.0,0.0,0.010407118126749992,0.0,0.01280682347714901,0.05349433422088623,0.01696993038058281,0.0,0.3788132965564728,0.0,0.006609479896724224,0.155984565615654,7.988273864611983e-05,0.0,0.06965959817171097,0.08509047329425812,1.6428584785899147e-05,0.11593534797430038,0.0,0.0,0.0022370703518390656
068,0.009527754969894886,0.0,0.30527105927467346,0.0,0.08668477833271027,0.011026797816157341,0.1738973706960678,0.0,0.003057144582271576,0.06669909507036209,0.0,0.3425181806087494,0.03496958687901497,0.04085070639848709,0.003638829803094268,0.1181342750787735,0.10289786010980606,0.14549465477466583,0.2649473249912262,0.0,0.2801561653614044,0.0,0.6767428517341614,0.13398003578186035,0.13824458420276642,0.0,0.2729032635688782,0.11399158090353012,0.24714171886444092,0.004910592455416918,0.0,0.35944825410842896,0.40554335713386536,0.11646362394094467,0.0,0.0,1.778991937637329,0.33878418803215027,0.13172172009944916,0.06739429384469986,2.16788387298584,0.0,0.20577217638492584,0.0,0.0,0.05320603772997856,0.0,0.0,0.41466018557548523,0.09938747435808182,0.0,0.003919336944818497,0.43571218848228455,0.01605791226029396,0.03226026892662048,0.0,0.11369772255420685,0.0011012342292815447,0.0,0.04297684505581856,0.0,0.0,0.15781381726264954,0.0,0.0,0.0,0.16201618313789368,0.10219448804855347,0.1326688975095749,0.0,0.0,0.018312955275177956,0.0,0.0,0.0,0.0,0.021241798996925354,0.0,1.2634108066558838,0.05991436168551445,0.2444784939289093,0.0,0.0,0.062232520431280136,0.09161941707134247,0.08881934732198715,0.27108490467071533,0.05030381307005882,0.21823550760746002,0.0,0.0035761867184191942,0.151531383395195,0.0,0.060837943106889725,0.30421677231788635,0.18912294507026672,0.13600261509418488,0.4206535518169403,0.06235237047076225,0.051332540810108185,0.23093919456005096,0.0,0.08142245560884476,0.25202563405036926,0.03182235732674599,0.0,0.0,0.0,0.0,0.015196463093161583,0.0,0.01599738746881485,0.12020517885684967,0.02333425171673298,0.0,0.6677283048629761,0.0,0.04028427600860596,0.3607199788093567,0.0003148781252093613,0.0,0.09602582454681396,0.2289455682039261,5.557638360187411e-05,0.18974284827709198,0.0,0.0,0.004167904146015644
070,0.01432226411998272,0.0,0.25228264927864075,0.0,0.08931286633014679,0.018884435296058655,0.1876899003982544,0.0,0.010180299170315266,0.06054738536477089,0.0,0.2878876030445099,0.04324360936880112,0.06320660561323166,0.005201949737966061,0.12030880153179169,0.10428649932146072,0.1375923603773117,0.29413679242134094,0.0,0.22063814103603363,0.0,0.8346947431564331,0.15079352259635925,0.13583798706531525,0.0,0.34562793374061584,0.1266033947467804,0.29611736536026,0.004320250824093819,0.0,0.38935622572898865,0.35282862186431885,0.12357152253389359,0.0,0.0,1.9064291715621948,0.25544214248657227,0.1354600042104721,0.08990906178951263,2.17209792137146,0.0,0.18972009420394897,0.0,0.0,0.05863650515675545,0.0,0.0,0.39046797156333923,0.09976375848054886,0.0,0.003906934056431055,0.4924507141113281,0.015676269307732582,0.05134202539920807,0.0,0.13921624422073364,0.004993715789169073,0.0,0.04598847031593323,0.0,0.0,0.1909433901309967,0.0,0.0,0.0,0.1509065330028534,0.0959768071770668,0.11811177432537079,0.0,0.0,0.03075874038040638,0.0,0.0,0.0,0.0,0.02867048978805542,0.0,1.2685569524765015,0.07870908081531525,0.21012045443058014,0.0,0.0,0.05535351485013962,0.08514733612537384,0.09032098948955536,0.2586686313152313,0.06249626353383064,0.21664373576641083,0.0002972154470626265,0.004090258851647377,0.17468251287937164,0.0,0.08208718150854111,0.35493552684783936,0.1509917825460434,0.09939724206924438,0.41708946228027344,0.05558575689792633,0.06735260784626007,0.22648777067661285,0.0,0.12418597936630249,0.2646057903766632,0.030795857310295105,0.0,0.0,0.0,0.0,0.013286294415593147,0.0,0.022353846579790115,0.10547967255115509,0.03500865399837494,0.0,0.6286376118659973,0.0,0.037324193865060806,0.2455747127532959,9.870842040982097e-05,0.0,0.08818069100379944,0.13664373755455017,0.00012140577746322379,0.1924353390932083,0.0,0.0,0.0035000864882022142
075,0.00898224301636219,0.0,0.2672562897205353,0.0,0.10668807476758957,0.020028946921229362,0.18292102217674255,0.0,0.005936798639595509,0.07549365609884262,0.0,0.3357212245464325,0.042480409145355225,0.07393858581781387,0.003635978326201439,0.0994127169251442,0.11585512012243271,0.18052557110786438,0.28192171454429626,0.0,0.25919920206069946,0.0,0.8182275891304016,0.17276982963085175,0.15037378668785095,0.0,0.3550655245780945,0.11731638759374619,0.2886151373386383,0.0033728538546711206,0.0,0.3915952146053314,0.42333027720451355,0.15904077887535095,0.0,0.0,2.0014400482177734,0.31586048007011414,0.11700938642024994,0.07252008467912674,2.346405029296875,0.0,0.21377964317798615,0.0,0.0,0.05315304175019264,0.0,0.0,0.4619525372982025,0.11749941110610962,0.0,0.005997770465910435,0.4754457473754883,0.014783592894673347,0.062380772083997726,0.0,0.1376086175441742,0.002260116394609213,0.0,0.04022137075662613,0.0,0.0,0.16730323433876038,0.0,0.0,0.0,0.16380786895751953,0.12369467318058014,0.15551649034023285,0.0,0.0,0.029757168143987656,0.0,0.0,0.0,0.0,0.027502113953232765,0.0,1.3774968385696411,0.08467262238264084,0.23591823875904083,0.0,0.0,0.07431264221668243,0.08634724467992783,0.10927043855190277,0.2835147976875305,0.07497052103281021,0.20107057690620422,8.7546999566257e-05,0.004385059233754873,0.166041761636734,0.0,0.0738576278090477,0.3361763656139374,0.18328405916690826,0.12809456884860992,0.4399009346961975,0.06944049894809723,0.06517346203327179,0.24306173622608185,0.0,0.09891887754201889,0.2792436480522156,0.035468459129333496,0.0,0.0,0.0,0.0,0.01558148954063654,0.0,0.014444158412516117,0.11416467279195786,0.03793307766318321,0.0,0.6697750091552734,0.0,0.05294403061270714,0.307102233171463,0.0001623292191652581,0.0,0.08855335414409637,0.1812426745891571,0.0002490682527422905,0.21286125481128693,0.0,0.0,0.004582930356264114
079,0.010268313810229301,0.0,0.20385834574699402,0.0,0.08545608073472977,0.019506676122546196,0.13637849688529968,0.0,0.005681945476680994,0.05839405581355095,0.0,0.24124376475811005,0.03207121416926384,0.038819633424282074,0.006676283199340105,0.09345553070306778,0.06747682392597198,0.13642297685146332,0.29297882318496704,0.0,0.1965966522693634,0.0,0.6941434144973755,0.1021982878446579,0.11595623940229416,0.0,0.3198343813419342,0.10059461742639542,0.26766565442085266,0.006652527954429388,0.0,0.2903064787387848,0.27445536851882935,0.11658020317554474,0.0,0.0,1.5122909545898438,0.21460691094398499,0.13513921201229095,0.07865071296691895,1.6869113445281982,0.0,0.14661739766597748,0.0,0.0,0.03596947714686394,0.0,0.0,0.3488073945045471,0.10081686079502106,0.0,0.0009906489867717028,0.3586260974407196,0.013806216418743134,0.020169461145997047,0.0,0.11459008604288101,0.00136098254006356,0.0,0.03369127959012985,0.0,0.0,0.17555944621562958,0.0,0.0,0.0,0.13677644729614258,0.07425011694431305,0.10350469499826431,0.0,0.0,0.02860274538397789,0.0,0.0,0.0,0.0,0.029448306187987328,0.0,0.9838226437568665,0.06947702914476395,0.14534296095371246,0.0,0.0,0.033656347543001175,0.05412181094288826,0.0847693681716919,0.20131145417690277,0.03159959986805916,0.1958921104669571,0.00044973960029892623,0.005912143271416426,0.15507373213768005,0.0,0.06297129392623901,0.2813588082790375,0.12379170954227448,0.0779828205704689,0.34839168190956116,0.05365655943751335,0.0436713770031929,0.20390571653842926,0.0,0.10017114132642746,0.22304463386535645,0.04400596395134926,0.0,0.0,0.0,0.0,0.01088098343461752,0.0,0.010668565519154072,0.08576692640781403,0.023666292428970337,0.0,0.5320895314216614,0.0,0.015888636931777,0.22862541675567627,0.00025157586787827313,0.0,0.1036253347992897,0.12162450700998306,0.0,0.17693720757961273,0.0,0.0,0.0010889042168855667
083,0.007785777095705271,0.0,0.1905556619167328,0.0,0.08005259931087494,0.017424624413251877,0.13351371884346008,0.0,0.006718459539115429,0.05494332313537598,0.0,0.2242451161146164,0.036192309111356735,0.03787830471992493,0.005856262054294348,0.08324123173952103,0.06538977473974228,0.13041400909423828,0.2726864516735077,0.0,0.18766196072101593,0.0,0.6650256514549255,0.10052857547998428,0.10638313740491867,0.0,0.3094462454319,0.09924224764108658,0.26241740584373474,0.005972601007670164,0.0,0.27011051774024963,0.24713638424873352,0.1088676005601883,0.0,0.0,1.424237608909607,0.1964784562587738,0.13635842502117157,0.08211012184619904,1.5815155506134033,0.0,0.13531140983104706,0.0,0.0,0.03509273752570152,0.0,0.0,0.3305955231189728,0.10800634324550629,0.0,0.001074424828402698,0.3374502956867218,0.013322318904101849,0.019453685730695724,0.0,0.11794751137495041,0.0012478040298447013,0.0,0.03455658629536629,0.0,0.0,0.1651882380247116,0.0,0.0,0.0,0.11874967068433762,0.07296023517847061,0.1025744304060936,0.0,0.0,0.025985127314925194,0.0,0.0,0.0,0.0,0.027514684945344925,0.0,0.9090375304222107,0.0697982907295227,0.1472732275724411,0.0,0.0,0.0269335750490427,0.051063571125268936,0.09040574729442596,0.18472477793693542,0.029572751373052597,0.197743222117424,0.0005313024739734828,0.004844344686716795,0.14342822134494781,0.0,0.05905727297067642,0.25755903124809265,0.11470060795545578,0.07925045490264893,0.3281216025352478,0.045557547360658646,0.044589392840862274,0.195058673620224,0.0,0.09884428232908249,0.21046505868434906,0.04131240397691727,0.0,0.0,0.0,0.0,0.010659814812242985,0.0,0.011355869472026825,0.0763683095574379,0.02035740576684475,0.0,0.5046504735946655,0.0,0.016935119405388832,0.21091945469379425,0.00018884261953644454,0.0,0.09885545819997787,0.10612909495830536,0.0,0.16389571130275726,0.0,0.0,0.0012223353842273355
084,0.01224235538393259,0.0,0.242068350315094,0.0,0.08145751059055328,0.019702350720763206,0.17447929084300995,0.0,0.006216257810592651,0.04958372935652733,0.0,0.2850911319255829,0.042358238250017166,0.06703530251979828,0.006094297859817743,0.08736637234687805,0.10112357884645462,0.143087700009346,0.2493649125099182,0.0,0.26003268361091614,0.0,0.7717013359069824,0.15952558815479279,0.12365547567605972,0.0,0.35422825813293457,0.10963961482048035,0.2779982089996338,0.0067962538450956345,0.0,0.34718355536460876,0.3365960121154785,0.14849139750003815,0.0,0.0,1.7659707069396973,0.2661696672439575,0.1350046545267105,0.07595650106668472,2.058349847793579,0.0,0.17998655140399933,0.0,0.0,0.049970608204603195,0.0,0.0,0.396899551153183,0.1244606152176857,0.0,0.0019532525911927223,0.43198123574256897,0.015287616290152073,0.03654079884290695,0.0,0.13307462632656097,0.004521779716014862,0.0,0.03849153593182564,0.0,0.0,0.1574018895626068,0.0,0.0,0.0,0.1479240506887436,0.10886043310165405,0.12905649840831757,0.0,0.0,0.02833421528339386,0.0,0.0,0.0,0.0,0.028684621676802635,9.245381806977093e-05,1.1827117204666138,0.06849069148302078,0.22370010614395142,0.0,0.0,0.056879859417676926,0.07005190849304199,0.10829738527536392,0.2174709290266037,0.06792888790369034,0.2315758466720581,0.0002598569553811103,0.0067408024333417416,0.1371014565229416,0.0,0.07080838084220886,0.3037426471710205,0.15327811241149902,0.127931609749794,0.40241897106170654,0.05548657849431038,0.06053846701979637,0.2292679399251938,0.0,0.12891753017902374,0.24716375768184662,0.038199540227651596,0.0,0.0,0.0,0.0,0.011870354413986206,0.0,0.013737834990024567,0.09952104091644287,0.023066997528076172,0.0,0.6143563985824585,0.0,0.044548776000738144,0.2748968303203583,0.00028508921968750656,0.0,0.10051121562719345,0.15958963334560394,0.00016946543473750353,0.19226600229740143,0.0,0.0,0.0029986354056745768
089,0.01401815377175808,0.0,0.16834677755832672,0.0,0.06721477955579758,0.013046624138951302,0.12397994846105576,0.0,0.010652105323970318,0.043477874249219894,0.0,0.2096852958202362,0.04161366447806358,0.04240645095705986,0.002294043777510524,0.06130579486489296,0.06823161989450455,0.12198726087808609,0.22957484424114227,0.0,0.17602667212486267,0.0,0.5653818249702454,0.08742111921310425,0.0865752175450325,0.0,0.24824759364128113,0.10937226563692093,0.1925525665283203,0.005187704227864742,0.0,0.24070504307746887,0.248296856880188,0.12703543901443481,0.0,0.0,1.2414997816085815,0.2010059356689453,0.10560156404972076,0.058243073523044586,1.409720778465271,0.0,0.14275740087032318,0.0,0.0,0.033939000219106674,0.0,0.0,0.32354357838630676,0.11310596019029617,0.0,0.0018232729053124785,0.2985968291759491,0.012561432085931301,0.022097399458289146,0.0,0.1018507331609726,0.0018214796436950564,0.0,0.03627273067831993,0.0,0.0,0.13634870946407318,0.0,0.0,0.0,0.12732629477977753,0.06416729837656021,0.08081725984811783,0.0,0.0,0.021728744730353355,0.0,0.0,0.0,0.0,0.030535593628883362,1.046598640641605e-06,0.7970027327537537,0.047714296728372574,0.10119462013244629,0.0,0.0,0.021717101335525513,0.06534308940172195,0.08956343680620193,0.1562112718820572,0.027064597234129906,0.1567828208208084,0.00035854781162925065,0.006036220584064722,0.11743263155221939,0.0,0.04531953111290932,0.2213715761899948,0.1193787232041359,0.06437124311923981,0.29101940989494324,0.04942166432738304,0.04860574007034302,0.18108642101287842,0.0,0.06527050584554672,0.19218993186950684,0.04320203512907028,0.0,0.0,0.0,0.0,0.009203857742249966,0.0,0.0100550577044487,0.07317127287387848,0.017075741663575172,0.0,0.43541303277015686,0.0,0.009939146228134632,0.17666244506835938,0.00016160008090082556,0.0,0.09990821778774261,0.09168074280023575,0.0,0.14606641232967377,0.0,0.0,0.002825148170813918
001,0.012424804270267487,0.0,0.18333527445793152,0.0,0.06703440099954605,0.007810500450432301,0.1919395476579666,0.0,0.017091700807213783,0.047739189118146896,0.0,0.25001606345176697,0.030445311218500137,0.05603649467229843,0.0030620978213846684,0.07113638520240784,0.08927871286869049,0.11137397587299347,0.24908296763896942,0.0,0.2077057659626007,0.0,0.6158785820007324,0.0890599861741066,0.09974362701177597,0.0,0.2297079861164093,0.11867982149124146,0.1976262778043747,0.004167858976870775,0.0,0.30846720933914185,0.40151000022888184,0.13814567029476166,0.0,0.0,1.4421303272247314,0.26358336210250854,0.10249550640583038,0.0900152176618576,1.7395750284194946,0.0,0.1581469029188156,0.0,0.0,0.03392533212900162,0.0,0.0,0.38452965021133423,0.07718812674283981,0.0,0.0020050122402608395,0.3864794671535492,0.012287150137126446,0.021469779312610626,0.0,0.09495751559734344,0.0014120528940111399,0.0,0.034535519778728485,0.0,0.0,0.1508316993713379,0.0,0.0,0.0,0.188616544008255,0.04387787729501724,0.0782051607966423,0.0,0.0,0.020541781559586525,0.0,0.0,0.0,0.0,0.02700328826904297,4.434942457010038e-05,0.9599878191947937,0.04624836519360542,0.1061459332704544,0.0,0.0,0.02215046063065529,0.07488241046667099,0.08152669668197632,0.23659761250019073,0.04188518598675728,0.14724871516227722,0.0003398422268219292,0.005691695958375931,0.127852201461792,0.0,0.048038333654403687,0.3116912245750427,0.15034493803977966,0.06525013595819473,0.31623977422714233,0.05597700923681259,0.09861470013856888,0.20188148319721222,0.0,0.07392771542072296,0.20562466979026794,0.03222339600324631,0.0,0.0,0.0,0.0,0.005799820646643639,0.0,0.024037113413214684,0.07250624150037766,0.04382177069783211,0.0,0.48295944929122925,0.0,0.0074609131552278996,0.18237754702568054,0.00021818873938173056,0.0,0.09433521330356598,0.10300496965646744,0.0,0.19537608325481415,0.0,0.0,0.0013071007560938597
002,0.014047790318727493,0.0,0.22975210845470428,0.0,0.08082631230354309,0.013873784802854061,0.18573042750358582,0.0,0.013384023681282997,0.05581054836511612,0.0,0.28899672627449036,0.04890033230185509,0.06854131817817688,0.0026236060075461864,0.07142776995897293,0.11135313659906387,0.15316273272037506,0.24874235689640045,0.0,0.29092952609062195,0.0,0.7648218274116516,0.14515705406665802,0.1270114928483963,0.0,0.3401297330856323,0.13280487060546875,0.26007524132728577,0.006069757044315338,0.0,0.35356318950653076,0.3706671893596649,0.16248884797096252,0.0,0.0,1.7713872194290161,0.30808836221694946,0.12411312013864517,0.07324051111936569,2.082279682159424,0.0,0.20463435351848602,0.0,0.0,0.04690873622894287,0.0,0.0,0.4297497570514679,0.1550227254629135,0.0,0.003800036618486047,0.42162826657295227,0.015246780589222908,0.03492475673556328,0.0,0.14224860072135925,0.0032662968151271343,0.0,0.03221902996301651,0.0,0.0,0.14800894260406494,0.0,0.0,0.0,0.14985470473766327,0.10314647853374481,0.13377580046653748,0.0,0.0,0.022842317819595337,0.0,0.0,0.0,0.0,0.023752352222800255,0.00019986640836577863,1.176677942276001,0.06504953652620316,0.21421977877616882,0.0,0.0,0.050356682389974594,0.08551747351884842,0.11888990551233292,0.2247106283903122,0.060624610632658005,0.23124930262565613,0.0002786680415738374,0.00731487013399601,0.13458560407161713,0.0,0.07252617180347443,0.2900660037994385,0.17089644074440002,0.12884609401226044,0.39656880497932434,0.06134945526719093,0.07085168361663818,0.23994289338588715,0.0,0.10905903577804565,0.2591656744480133,0.04358326271176338,0.0,0.0,0.0,0.0,0.012853109277784824,0.0,0.010815262794494629,0.09775598347187042,0.01783759705722332,0.0,0.6119513511657715,0.0,0.04603191465139389,0.2927940785884857,0.00012172300921520218,0.0,0.10846716165542603,0.1639031618833542,0.00022674178762827069,0.20567941665649414,0.0,0.0,0.0036740635987371206
003,0.014762001112103462,0.0,0.17166778445243835,0.0,0.08059090375900269,0.021467890590429306,0.14099237322807312,0.0,0.012123636901378632,0.06373771280050278,0.0,0.22129712998867035,0.037868816405534744,0.04114922136068344,0.004976792261004448,0.09036095440387726,0.06906908005475998,0.1233811303973198,0.26616379618644714,0.0,0.1604737490415573,0.0,0.6430981159210205,0.09609679132699966,0.11274881660938263,0.0,0.2646484971046448,0.11813238263130188,0.25327450037002563,0.005780166946351528,0.0,0.2925969660282135,0.2780313789844513,0.09441675245761871,0.0,0.0,1.3984549045562744,0.1863197237253189,0.10929892212152481,0.07800663262605667,1.5592120885849,0.0,0.15135598182678223,0.0,0.0,0.04041238874197006,0.0,0.0,0.30248889327049255,0.09101080894470215,0.0,0.0027308035641908646,0.3614405691623688,0.010834581218659878,0.02411060966551304,0.0,0.10738204419612885,0.0031182486563920975,0.0,0.03400208055973053,0.0,0.0,0.17571589350700378,0.0,0.0,0.0,0.13867899775505066,0.06198585033416748,0.09662846475839615,0.0,0.0,0.023051489144563675,0.0,0.0,0.0,0.0,0.026591334491968155,3.2941017707344145e-05,0.9019441604614258,0.06845119595527649,0.13300925493240356,0.0,0.0,0.03443519026041031,0.06705350428819656,0.07279341667890549,0.20321154594421387,0.03443170338869095,0.16507939994335175,0.0005690281395800412,0.003934080712497234,0.1597139686346054,0.0,0.059067174792289734,0.2867845594882965,0.12139300256967545,0.061359673738479614,0.3171878755092621,0.05410594120621681,0.053602591156959534,0.18662035465240479,0.0,0.08135852217674255,0.22133874893188477,0.033826712518930435,0.0,0.0,0.0,0.0,0.008158249780535698,0.0,0.015804428607225418,0.06961692124605179,0.02623976394534111,0.0,0.47539517283439636,0.0,0.007298968732357025,0.19176580011844635,0.0001395193685311824,0.0,0.08859642595052719,0.09536917507648468,5.365644028643146e-05,0.17281101644039154,0.0,0.0,0.0019568507559597492
004,0.01020281482487917,0.0,0.302256315946579,0.0,0.07737066596746445,0.01236514002084732,0.17372511327266693,0.0,0.006323979701846838,0.05863303318619728,0.0,0.3436347544193268,0.03700610622763634,0.04112250730395317,0.0022331252694129944,0.10363846272230148,0.10156338661909103,0.13700427114963531,0.23856131732463837,0.0,0.29697370529174805,0.0,0.653293788433075,0.1359640210866928,0.12681901454925537,0.0,0.24837642908096313,0.11406178027391434,0.2246284931898117,0.006618011277168989,0.0,0.34409889578819275,0.4024096429347992,0.11908066272735596,0.0,0.0,1.743708610534668,0.33874523639678955,0.1308497041463852,0.060314908623695374,2.139936685562134,0.0,0.20957325398921967,0.0,0.0,0.052849721163511276,0.0,0.0,0.40736663341522217,0.11092808842658997,0.0,0.0028229309245944023,0.42554089426994324,0.01612454652786255,0.02920050173997879,0.0,0.11064188927412033,0.0029659736901521683,0.0,0.04240098595619202,0.0,0.0,0.13629192113876343,0.0,0.0,0.0,0.16313637793064117,0.0980410948395729,0.12077352404594421,0.0,0.0,0.019146548584103584,0.0,0.0,0.0,0.0,0.024238156154751778,6.125093932496384e-06,1.2314883470535278,0.04280951991677284,0.2394603043794632,0.0,0.0,0.05087782442569733,0.0934690460562706,0.09499374777078629,0.2484567016363144,0.04523826763033867,0.21600866317749023,0.0,0.004907419439405203,0.12513191998004913,0.0,0.05480635166168213,0.2954103648662567,0.18739771842956543,0.1374310702085495,0.40984484553337097,0.06177118793129921,0.053556859493255615,0.23111575841903687,0.0,0.07619045674800873,0.24463295936584473,0.0349038802087307,0.0,0.0,0.0,0.0,0.01527658011764288,0.0,0.01471677515655756,0.12080701440572739,0.01626090705394745,0.0,0.6573652625083923,0.0,0.039238642901182175,0.3607163429260254,0.00018437700055073947,0.0,0.09973633289337158,0.22952739894390106,0.0,0.1861269623041153,0.0,0.0,0.004662971943616867
005,0.013859148137271404,0.0,0.211567685008049,0.0,0.07488463819026947,0.010644754394888878,0.20119118690490723,0.0,0.03004385717213154,0.05516326054930687,0.0,0.2712285816669464,0.03507675975561142,0.06591411679983139,0.002190432045608759,0.05713002011179924,0.10195089876651764,0.11914932727813721,0.2693246006965637,0.0,0.25193873047828674,0.0,0.7211934328079224,0.09878500550985336,0.11464186012744904,0.0,0.2604439854621887,0.1110629290342331,0.23476390540599823,0.004992171190679073,0.0,0.327850878238678,0.40352413058280945,0.14326126873493195,0.0,0.0,1.6150039434432983,0.2946137487888336,0.12976253032684326,0.0872541144490242,1.903483510017395,0.0,0.18530616164207458,0.0,0.0,0.035319168120622635,0.0,0.0,0.40649789571762085,0.10203004628419876,0.0,0.008151543326675892,0.4154697060585022,0.014588302001357079,0.02827700786292553,5.615048848994775e-06,0.10530336201190948,0.0032967193983495235,0.0,0.038726694881916046,0.0,0.0,0.15674979984760284,0.0,0.0,0.0,0.19023533165454865,0.05835234373807907,0.09030453860759735,0.0,0.0,0.022937893867492676,0.0,0.0,0.0,0.0,0.02952064760029316,3.3093185720645124e-06,1.0706024169921875,0.051850054413080215,0.12953224778175354,0.0,0.0,0.02940419130027294,0.08774466812610626,0.09751618653535843,0.22411809861660004,0.04505140706896782,0.16849076747894287,0.00028786371694877744,0.00416073203086853,0.12798714637756348,0.0,0.0627761036157608,0.3172357976436615,0.1584988683462143,0.07964511960744858,0.3435605466365814,0.059969712048769,0.08977638185024261,0.215484619140625,0.0,0.09224967658519745,0.22236232459545135,0.029616957530379295,0.0,0.0,0.0,0.0,0.008597485721111298,0.0,0.018034016713500023,0.08067422360181808,0.037987079471349716,0.0,0.5194557905197144,0.0,0.017881307750940323,0.20368753373622894,0.00010987883433699608,0.0,0.1098276749253273,0.12277567386627197,4.0233495383290574e-05,0.20265640318393707,0.0,0.0,0.002923997351899743
007,0.015393435955047607,0.0,0.17827686667442322,0.0,0.0937570333480835,0.018700193613767624,0.13464714586734772,0.0,0.009042270481586456,0.07571304589509964,0.0,0.22303113341331482,0.04075884819030762,0.04709747061133385,0.004751159343868494,0.10031581670045853,0.06731555610895157,0.13047735393047333,0.29200467467308044,0.0,0.13779650628566742,0.0,0.6712166666984558,0.10019729286432266,0.1249411329627037,0.0,0.2767428755760193,0.12475554645061493,0.27221816778182983,0.006591326557099819,0.0,0.31182166934013367,0.2762891948223114,0.10818541795015335,0.0,0.0,1.4795410633087158,0.1860363781452179,0.10687058418989182,0.07295583933591843,1.6075170040130615,0.0,0.15321049094200134,0.0,0.0,0.04979848489165306,0.0,0.0,0.3208511769771576,0.09268053621053696,0.0,0.00620190380141139,0.3583875298500061,0.015276308171451092,0.03916424512863159,0.0,0.10825769603252411,0.007248969282954931,0.0,0.04427836090326309,0.0,0.0,0.16639257967472076,0.0,0.0,0.0,0.12318509072065353,0.06653278321027756,0.09971578419208527,0.0,0.0,0.02403373457491398,0.0,0.0,0.0,0.0,0.028807101771235466,0.0,0.9314985871315002,0.07776069641113281,0.12384720891714096,0.0,0.0,0.03290481120347977,0.0647883340716362,0.07354187220335007,0.21727421879768372,0.034945666790008545,0.14395077526569366,0.00035730842500925064,0.0066503724083304405,0.16484393179416656,0.0,0.05786525085568428,0.2955903708934784,0.11694155633449554,0.049033574759960175,0.3219897449016571,0.04716065526008606,0.05440253019332886,0.18951204419136047,0.0,0.06015774607658386,0.22555316984653473,0.03881670907139778,0.0,0.0,0.0,0.0,0.009301222860813141,0.0,0.01876898482441902,0.07111198455095291,0.030952883884310722,0.0,0.4678727090358734,0.0,0.006490796804428101,0.181730717420578,7.00447490089573e-05,0.0,0.07783984392881393,0.07740665972232819,0.0,0.16489318013191223,0.0,0.0,0.004998120479285717
008,0.009752565063536167,0.0,0.2504589855670929,0.0,0.07611428946256638,0.007446829229593277,0.22014766931533813,0.0,0.02863232046365738,0.06008463352918625,0.0,0.32672828435897827,0.028822816908359528,0.08201700448989868,0.0030702012591063976,0.07581555843353271,0.12721315026283264,0.13901779055595398,0.2497435212135315,0.0,0.2951693534851074,0.0,0.7792725563049316,0.14194653928279877,0.1350874900817871,0.0,0.3091104030609131,0.11753281950950623,0.23967546224594116,0.004115691874176264,0.0,0.38868430256843567,0.48798099160194397,0.17088814079761505,0.0,0.0,1.8735440969467163,0.35976076126098633,0.12221026420593262,0.08840741217136383,2.302150249481201,0.0,0.2142244130373001,0.0,0.0,0.04340125247836113,0.0,0.0,0.47844064235687256,0.101502425968647,0.0,0.005211271811276674,0.4722651243209839,0.011708025820553303,0.04174594208598137,0.0,0.11750148981809616,0.000596667465288192,0.0,0.03795010223984718,0.0,0.0,0.1629064828157425,0.0,0.0,0.0,0.21229881048202515,0.09624119102954865,0.12539222836494446,0.0,0.0,0.0200820155441761,0.0,0.0,0.0,0.0,0.022209178656339645,0.0,1.3091883659362793,0.06280016899108887,0.1870560199022293,0.0,0.0,0.06181594356894493,0.09875570237636566,0.10763595998287201,0.2741561532020569,0.07320988178253174,0.17647427320480347,0.0002152873348677531,0.002757563255727291,0.14120697975158691,0.0,0.062166377902030945,0.34956005215644836,0.1895870417356491,0.11734950542449951,0.3916407823562622,0.07040952146053314,0.09804894030094147,0.24350324273109436,0.0,0.10220523178577423,0.2531449496746063,0.028589259833097458,0.0,0.0,0.0,0.0,0.008334421552717686,0.0,0.02052735723555088,0.09402472525835037,0.047119371592998505,0.0,0.6069396138191223,0.0,0.03928155452013016,0.28020769357681274,0.00010609475430101156,0.0,0.10948143899440765,0.169141948223114,0.0003130089316982776,0.2305794358253479,0.0,0.0,0.0015759490197524428
009,0.010165662504732609,0.0,0.18310600519180298,0.0,0.08343055844306946,0.013338450342416763,0.12707552313804626,0.0,0.007701991591602564,0.06967029720544815,0.0,0.22812995314598083,0.034730516374111176,0.03846929594874382,0.005647348240017891,0.09526272118091583,0.0677604004740715,0.12995626032352448,0.25972720980644226,0.0,0.16231769323349,0.0,0.6175664663314819,0.09681366384029388,0.11577723920345306,0.0,0.282408744096756,0.1106221005320549,0.246315598487854,0.004588454496115446,0.0,0.28446298837661743,0.265950471162796,0.10714419931173325,0.0,0.0,1.3809199333190918,0.19312310218811035,0.10543979704380035,0.0699274092912674,1.5337470769882202,0.0,0.14402388036251068,0.0,0.0,0.04352886974811554,0.0,0.0,0.3156818449497223,0.09370630234479904,0.0,0.0021573074627667665,0.337218314409256,0.012859130278229713,0.030228404328227043,0.0,0.10219831764698029,0.0011703292839229107,0.0,0.038225069642066956,0.0,0.0,0.16173917055130005,0.0,0.0,0.0,0.11848437786102295,0.07191747426986694,0.10618727654218674,0.0,0.0,0.021063929423689842,0.0,0.0,0.0,0.0,0.029529480263590813,0.0,0.8808606266975403,0.07367159426212311,0.14498348534107208,0.0,0.0,0.03942329064011574,0.05814181640744209,0.0798555538058281,0.19703921675682068,0.032196179032325745,0.17196287214756012,0.00030596679425798357,0.005396388471126556,0.15197117626667023,0.0,0.05541998893022537,0.2661738395690918,0.12642662227153778,0.07078412920236588,0.31482407450675964,0.053968679159879684,0.04756386950612068,0.17955629527568817,0.0,0.0662510097026825,0.21063560247421265,0.03745425492525101,0.0,0.0,0.0,0.0,0.009334861300885677,0.0,0.010515955276787281,0.0732782781124115,0.02752239815890789,0.0,0.47964712977409363,0.0,0.01293167844414711,0.2159707099199295,0.00016049078840296715,0.0,0.07828165590763092,0.10711882263422012,0.0,0.15909691154956818,0.0,0.0,0.0019384927581995726
010,0.014599530026316643,0.0,0.29469186067581177,0.0,0.0925833061337471,0.012251163832843304,0.20755422115325928,0.0,0.013272355310618877,0.07421378046274185,0.0,0.31957170367240906,0.035409849137067795,0.07044779509305954,0.0018482804298400879,0.1302940994501114,0.11734338849782944,0.13926419615745544,0.2932894825935364,0.0,0.24887441098690033,0.0,0.854834258556366,0.15800681710243225,0.14463432133197784,0.0,0.3406491279602051,0.13341738283634186,0.2817983329296112,0.005066925194114447,0.0,0.4450702369213104,0.4159526526927948,0.12920695543289185,0.0,0.0,2.09108567237854,0.3099338710308075,0.1322229951620102,0.07610917091369629,2.432746171951294,0.0,0.21643349528312683,0.0,0.0,0.06398247182369232,0.0,0.0,0.4293413758277893,0.0944475457072258,0.0,0.004994397517293692,0.5558858513832092,0.017130497843027115,0.07714218646287918,0.0,0.13391618430614471,0.0048365346156060696,0.0,0.04767600819468498,0.0,0.0,0.19698679447174072,0.0,0.0,0.0,0.1636989861726761,0.11938721686601639,0.1336461305618286,0.0,0.0,0.027323098853230476,0.0,0.0,0.0,0.0,0.036739934235811234,0.0,1.4332540035247803,0.07757451385259628,0.23342394828796387,0.0,0.0,0.0698385015130043,0.0937080830335617,0.09693442285060883,0.2873339354991913,0.07135922461748123,0.23157016932964325,9.86154827842256e-06,0.003967097029089928,0.1758665293455124,0.0,0.08974669128656387,0.3905749022960663,0.1845671683549881,0.1097494438290596,0.46097663044929504,0.055091314017772675,0.07047747075557709,0.24768725037574768,0.0,0.12264794111251831,0.28162017464637756,0.02696048840880394,0.0,0.0,0.0,0.0,0.013563865795731544,0.0,0.024384260177612305,0.1337512731552124,0.035282280296087265,0.0,0.6906924843788147,0.0,0.05008741840720177,0.2931499779224396,3.5166765428584768e-06,0.0,0.0816565677523613,0.17357908189296722,2.181165882575442e-06,0.20224571228027344,0.0,0.0,0.004869014956057072
011,0.01384182833135128,0.0,0.22300995886325836,0.0,0.08722489327192307,0.013999789021909237,0.13472241163253784,0.0,0.0056433528661727905,0.062494080513715744,0.0,0.23697908222675323,0.03206302970647812,0.035636577755212784,0.007168044336140156,0.19152948260307312,0.09635938704013824,0.10205882787704468,0.33551889657974243,0.0,0.20845116674900055,0.0,0.7277436256408691,0.09393080323934555,0.13676902651786804,0.0,0.2501375079154968,0.12272000312805176,0.2331857979297638,0.002478291979059577,0.0,0.309680312871933,0.3498029410839081,0.10293436795473099,0.0,0.0,1.7021080255508423,0.24697451293468475,0.11086760461330414,0.0811004713177681,1.9148187637329102,0.0,0.10690262168645859,0.0,0.0,0.060588859021663666,0.0,0.0,0.3519513010978699,0.07891515642404556,0.0,0.0013564251130446792,0.4903685450553894,0.013114751316606998,0.023146942257881165,0.0,0.13922841846942902,0.0005859903758391738,0.0,0.03820361569523811,0.0,0.0,0.220296248793602,0.0,0.0,0.0,0.14083606004714966,0.06769825518131256,0.0872797816991806,0.0,0.0,0.025767246261239052,0.0,0.0,0.0,0.0,0.026906082406640053,0.0,1.1421197652816772,0.06881419569253922,0.19909845292568207,0.0,0.0,0.03556888923048973,0.08553706109523773,0.06055107340216637,0.3216385841369629,0.032969050109386444,0.2164459526538849,0.000435692782048136,0.002103771548718214,0.26350709795951843,0.0,0.06896237283945084,0.30769872665405273,0.12181894481182098,0.08025138080120087,0.3637135326862335,0.09145183116197586,0.04468871280550957,0.206709623336792,0.0,0.08706208318471909,0.18827089667320251,0.020581115037202835,0.0,0.0,0.0,0.0,0.00985824503004551,0.0,0.013940108008682728,0.08921150118112564,0.04708957299590111,0.0,0.6062795519828796,0.0,0.030648091807961464,0.2597983181476593,0.0,0.0,0.0790855810046196,0.1657276153564453,4.834107130591292e-06,0.18998552858829498,0.0,0.0,0.0009628835250623524
015,0.006799993570894003,0.0,0.2918817698955536,0.0,0.09565329551696777,0.01273708138614893,0.15467238426208496,0.0,0.004625904839485884,0.06990610063076019,0.0,0.3296974003314972,0.03780816122889519,0.04618055373430252,0.004384992644190788,0.11258558183908463,0.10546378046274185,0.16731303930282593,0.2659339904785156,0.0,0.28693336248397827,0.0,0.7339416742324829,0.15288633108139038,0.14208197593688965,0.0,0.33122456073760986,0.10963236540555954,0.2658904790878296,0.00682312436401844,0.0,0.3567706346511841,0.3982612192630768,0.13573971390724182,0.0,0.0,1.8623852729797363,0.32326841354370117,0.13121506571769714,0.06608974933624268,2.2277212142944336,0.0,0.20008747279644012,0.0,0.0,0.05558203160762787,0.0,0.0,0.4443018436431885,0.12206026166677475,0.0,0.001659882953390479,0.44590485095977783,0.01609581708908081,0.04017237573862076,0.0,0.12233223021030426,0.0024662823416292667,0.0,0.04053741693496704,0.0,0.0,0.16239279508590698,0.0,0.0,0.0,0.15286600589752197,0.1248905286192894,0.14482298493385315,0.0,0.0,0.021374277770519257,0.0,0.0,0.0,0.0,0.018904665485024452,0.0,1.310547947883606,0.0689537301659584,0.25688183307647705,0.0,0.0,0.06426628679037094,0.09017613530158997,0.10507389903068542,0.26887261867523193,0.05327468365430832,0.2245941162109375,0.0,0.0042424071580171585,0.1537967324256897,0.0,0.06275084614753723,0.3006477653980255,0.17596033215522766,0.13119938969612122,0.4196462333202362,0.05785016342997551,0.0494023934006691,0.24777629971504211,0.0,0.08613303303718567,0.26252481341362,0.03875197470188141,0.0,0.0,0.0,0.0,0.013465489260852337,0.0,0.013314946554601192,0.12078298628330231,0.018476134166121483,0.0,0.6753765940666199,0.0,0.051608480513095856,0.3523820638656616,0.00029404510860331357,0.0,0.09879966080188751,0.2099509984254837,7.714962703175843e-05,0.19860248267650604,0.0,0.0,0.0034941397607326508
017,0.009855787269771099,0.0,0.2793632447719574,0.0,0.08663713186979294,0.016340598464012146,0.20001865923404694,0.0,0.00867385696619749,0.06525492668151855,0.0,0.3292791545391083,0.03604325279593468,0.07136238366365433,0.0034601762890815735,0.10541139543056488,0.1153186485171318,0.16131742298603058,0.27244099974632263,0.0,0.27655667066574097,0.0,0.7966998815536499,0.17289583384990692,0.13322685658931732,0.0,0.3340921998023987,0.12906339764595032,0.28889816999435425,0.005229347385466099,0.0,0.41207465529441833,0.4048408567905426,0.14016428589820862,0.0,0.0,1.9356385469436646,0.3021683990955353,0.13837333023548126,0.08007776737213135,2.313318967819214,0.0,0.19901633262634277,0.0,0.0,0.056105125695466995,0.0,0.0,0.43217310309410095,0.11145152151584625,0.0,0.002392102498561144,0.48526644706726074,0.013546098954975605,0.04974128678441048,0.0,0.1331735998392105,0.003677353262901306,0.0,0.043047014623880386,0.0,0.0,0.18077389895915985,0.0,0.0,0.0,0.1804865598678589,0.1173623576760292,0.14257879555225372,0.0,0.0,0.03055834397673607,0.0,0.0,0.0,0.0,0.028163308277726173,0.0,1.3484030961990356,0.06295604258775711,0.23384101688861847,0.0,0.0,0.06792580336332321,0.0829295739531517,0.10181500017642975,0.2646222710609436,0.08553827553987503,0.22543832659721375,0.0,0.002724895952269435,0.1690671592950821,0.0,0.08049701154232025,0.3626670241355896,0.18401260673999786,0.13422006368637085,0.4484100937843323,0.06571166962385178,0.06575457751750946,0.2444765567779541,0.0,0.12947043776512146,0.28317710757255554,0.03277882561087608,0.0,0.0,0.0,0.0,0.014815847389400005,0.0,0.016736265271902084,0.1232038214802742,0.03210870921611786,0.0,0.6760076284408569,0.0,0.048050981014966965,0.3307420611381531,0.00026607158361002803,0.0,0.0993199273943901,0.19250215590000153,9.023161692311987e-05,0.21165160834789276,0.0,0.0,0.0042687370441854
019,0.013424698263406754,0.0,0.15117590129375458,0.0,0.06513711810112,0.016309356316924095,0.13516980409622192,0.0,0.012129281647503376,0.04671325907111168,0.0,0.1885862499475479,0.029333412647247314,0.041780952364206314,0.004681514576077461,0.05439140647649765,0.06565053015947342,0.10417073965072632,0.19937245547771454,0.0,0.15433664619922638,0.0,0.5167439579963684,0.08236958831548691,0.08422468602657318,0.0,0.21909040212631226,0.1067570373415947,0.19172054529190063,0.006672588177025318,0.0,0.22696757316589355,0.2327004224061966,0.09022039920091629,0.0,0.0,1.110133171081543,0.1656295359134674,0.09692409634590149,0.0663076862692833,1.2629318237304688,0.0,0.13314133882522583,0.0,0.0,0.029785189777612686,0.0,0.0,0.2719327211380005,0.09625734388828278,0.0,0.004030369687825441,0.28384995460510254,0.01220889762043953,0.021047191694378853,0.0,0.08788590133190155,0.002867478644475341,0.0,0.028663434088230133,0.0,0.0,0.12977638840675354,0.0,0.0,0.0,0.1261463761329651,0.05503067746758461,0.08217477053403854,0.0,0.0,0.017542917281389236,0.0,0.0,0.0,0.0,0.027848796918988228,3.341562842251733e-05,0.7009192705154419,0.04752148687839508,0.10873504728078842,0.0,0.0,0.027080168947577477,0.06404832750558853,0.08380576968193054,0.14980864524841309,0.023900451138615608,0.15417912602424622,0.0004234494408592582,0.004876317456364632,0.11339353024959564,0.0,0.04637094959616661,0.21000419557094574,0.11641895771026611,0.06301028281450272,0.2735990881919861,0.04588375985622406,0.05699332430958748,0.15664254128932953,0.0,0.070668525993824,0.17883719503879547,0.028545426204800606,0.0,0.0,0.0,0.0,0.008805825375020504,0.0,0.012875303626060486,0.05970064178109169,0.021337904036045074,0.0,0.41226089000701904,0.0,0.009965051896870136,0.16809284687042236,0.00011096841626567766,0.0,0.08416982740163803,0.08715202659368515,3.314614559712936e-06,0.13977554440498352,0.0,0.0,0.0020347123499959707
021,0.0074061015620827675,0.0,0.2562504708766937,0.0,0.09052836894989014,0.0072396001778542995,0.2262479066848755,0.0,0.002531025093048811,0.06670834124088287,0.0,0.3230893909931183,0.03511128947138786,0.08607695251703262,0.003404089715331793,0.09362620115280151,0.1351584643125534,0.14607444405555725,0.26880449056625366,0.0,0.26307615637779236,0.0,0.7580401301383972,0.1358465701341629,0.14084438979625702,0.0,0.3416614830493927,0.13431647419929504,0.24056382477283478,0.004026404116302729,0.0,0.3876248300075531,0.48915034532546997,0.1733551174402237,0.0,0.0,1.8654152154922485,0.3531464636325836,0.1165667399764061,0.09850034862756729,2.2937674522399902,0.0,0.20012839138507843,0.0,0.0,0.05092623829841614,0.0,0.0,0.48372727632522583,0.07749445736408234,0.0,0.0017579117557033896,0.5004252791404724,0.011467067524790764,0.044649358838796616,0.0,0.13302195072174072,0.00195639138109982,0.0,0.043968088924884796,0.0,0.0,0.18043997883796692,0.0,0.0,0.0,0.20136389136314392,0.09826473146677017,0.1272130012512207,0.0,0.0,0.021735887974500656,0.0,0.0,0.0,0.0,0.02311505563557148,0.0,1.2884620428085327,0.07878073304891586,0.1971874237060547,0.0,0.0,0.05983224883675575,0.0829627737402916,0.0995713323354721,0.3165449798107147,0.0729885920882225,0.18980105221271515,0.00030531964148394763,0.004914000164717436,0.15868575870990753,0.0,0.0672440305352211,0.35117074847221375,0.18894337117671967,0.11224818974733353,0.4089907109737396,0.06956425309181213,0.11002973467111588,0.24452845752239227,0.0,0.1028904840350151,0.2713382840156555,0.03735635429620743,0.0,0.0,0.0,0.0,0.009503827430307865,0.0,0.033976804465055466,0.10706473886966705,0.06483627110719681,0.0,0.6343911290168762,0.0,0.04263757914304733,0.2763449549674988,0.000291468168143183,0.0,0.10081301629543304,0.16667082905769348,0.0003213902818970382,0.23340535163879395,0.0,0.0,0.00198138365522027
022,0.010741961188614368,0.0,0.1554684340953827,0.0,0.07044943422079086,0.01950894482433796,0.1333695948123932,0.0,0.010880822315812111,0.04783821851015091,0.0,0.20925258100032806,0.03420450910925865,0.04502791911363602,0.004423527512699366,0.06618180125951767,0.06272223591804504,0.11364294588565826,0.23275069892406464,0.0,0.16279351711273193,0.0,0.5829664468765259,0.08434724807739258,0.09464707225561142,0.0,0.2362479716539383,0.10767988860607147,0.21694372594356537,0.0053453268483281136,0.0,0.2545505166053772,0.25052163004875183,0.10881733149290085,0.0,0.0,1.26259446144104,0.17854511737823486,0.09714879095554352,0.06497259438037872,1.41112220287323,0.0,0.1340504139661789,0.0,0.0,0.03494260832667351,0.0,0.0,0.2960248589515686,0.1009221225976944,0.0,0.004407557193189859,0.32054823637008667,0.015089338645339012,0.02430340088903904,0.0,0.09519348293542862,0.002939383266493678,0.0,0.03384168818593025,0.0,0.0,0.13816019892692566,0.0,0.0,0.0,0.1331716924905777,0.06062288209795952,0.08570713549852371,0.0,0.0,0.023381786420941353,0.0,0.0,0.0,0.0,0.0341922864317894,0.0,0.7908467650413513,0.0511958934366703,0.11668013781309128,0.0,0.0,0.026670144870877266,0.056823935359716415,0.07623343914747238,0.1644841879606247,0.02696326933801174,0.16013602912425995,0.0002863844274543226,0.005477278959006071,0.12535114586353302,0.0,0.04973514750599861,0.24297155439853668,0.11722762882709503,0.05960419028997421,0.3044509291648865,0.04984119161963463,0.054746635258197784,0.16331826150417328,0.0,0.06933720409870148,0.19445596635341644,0.032079171389341354,0.0,0.0,0.0,0.0,0.008777488954365253,0.0,0.011632757261395454,0.0657256469130516,0.020737385377287865,0.0,0.44819992780685425,0.0,0.010874469764530659,0.1817108392715454,7.172326149884611e-05,0.0,0.08170587569475174,0.09077131003141403,0.0,0.15297915041446686,0.0,0.0,0.003015046939253807
026,0.016119223088026047,0.0,0.2919594645500183,0.0,0.07962725311517715,0.012138593010604382,0.1953921616077423,0.0,0.01476472057402134,0.06444872170686722,0.0,0.3529171645641327,0.044214118272066116,0.05654233321547508,0.002063390566036105,0.09229080379009247,0.12283339351415634,0.15853820741176605,0.24925844371318817,0.0,0.3142474591732025,0.0,0.7772768139839172,0.15287040174007416,0.13315346837043762,0.0,0.27988100051879883,0.12951503694057465,0.23728199303150177,0.004827546887099743,0.0,0.3902422785758972,0.46661654114723206,0.15156349539756775,0.0,0.0,1.9557088613510132,0.35922688245773315,0.12121815234422684,0.06092643365263939,2.370543956756592,0.0,0.23081159591674805,0.0,0.0,0.056806426495313644,0.0,0.0,0.4571337103843689,0.12659062445163727,0.0,0.008318259380757809,0.4986925423145294,0.01594940945506096,0.049168240278959274,0.0,0.11542187631130219,0.0019320888677611947,0.0,0.03931529447436333,0.0,0.0,0.15605045855045319,0.0,0.0,0.0,0.1998266875743866,0.10963942855596542,0.13970431685447693,0.0,0.0,0.020977916195988655,0.0,0.0,0.0,0.0,0.024217968806624413,0.0,1.3730493783950806,0.0492837019264698,0.22560621798038483,0.0,0.0,0.057975027710199356,0.10548911243677139,0.10439223051071167,0.27268844842910767,0.05993928387761116,0.21003016829490662,8.774181026183214e-08,0.004104855936020613,0.1326310932636261,0.0,0.06692160665988922,0.3341875672340393,0.19990114867687225,0.12231286615133286,0.44150760769844055,0.07385717332363129,0.07470153272151947,0.24737977981567383,0.0,0.08951739221811295,0.27282944321632385,0.03210032731294632,0.0,0.0,0.0,0.0,0.010040022432804108,0.0,0.014234313741326332,0.12065660953521729,0.022637346759438515,0.0,0.6762460470199585,0.0,0.043535780161619186,0.3475649654865265,0.00027223178767599165,0.0,0.1076679602265358,0.2067277878522873,6.925921479705721e-05,0.20973999798297882,0.0,0.0,0.003859894583001733
028,0.010719824582338333,0.0,0.2834704518318176,0.0,0.088006392121315,0.014074280858039856,0.17292001843452454,0.0,0.007701708469539881,0.0681551843881607,0.0,0.3274241089820862,0.036404747515916824,0.05915234610438347,0.0034979674965143204,0.08870550245046616,0.11520074307918549,0.16461743414402008,0.24964040517807007,0.0,0.27896422147750854,0.0,0.7393457889556885,0.1614343523979187,0.1407453715801239,0.0,0.3260955214500427,0.1168842688202858,0.26057708263397217,0.00526823615655303,0.0,0.3724241852760315,0.40494897961616516,0.14623500406742096,0.0,0.0,1.860244870185852,0.32281601428985596,0.1303151398897171,0.06612899899482727,2.225083827972412,0.0,0.21667130291461945,0.0,0.0,0.05289122089743614,0.0,0.0,0.440260112285614,0.12598659098148346,0.0,0.003448751289397478,0.44226276874542236,0.013683692552149296,0.05554240196943283,0.0,0.12046512216329575,0.0008178862044587731,0.0,0.03938731551170349,0.0,0.0,0.152805358171463,0.0,0.0,0.0,0.15928559005260468,0.1226099506020546,0.14595867693424225,0.0,0.0,0.019427036866545677,0.0,0.0,0.0,0.0,0.024489540606737137,0.0,1.2981616258621216,0.06611626595258713,0.23471975326538086,0.0,0.0,0.06639308482408524,0.09225016087293625,0.11234031617641449,0.25507408380508423,0.06328259408473969,0.2085113823413849,8.245371282100677e-05,0.004193846136331558,0.1404656320810318,0.0,0.06437624990940094,0.3065258860588074,0.18400938808918,0.13138844072818756,0.413790225982666,0.05795109272003174,0.06110064685344696,0.24471384286880493,0.0,0.09750768542289734,0.2683112323284149,0.038524191826581955,0.0,0.0,0.0,0.0,0.01355748437345028,0.0,0.013910556212067604,0.11447472870349884,0.025182221084833145,0.0,0.6468073725700378,0.0,0.05185091495513916,0.3322295844554901,2.1134401322342455e-05,0.0,0.09504634141921997,0.1880849003791809,0.00016624914132989943,0.1908605545759201,0.0,0.0,0.004313287790864706
029,0.00994181353598833,0.0,0.315917044878006,0.0,0.08075223118066788,0.00935494713485241,0.1863071769475937,0.0,0.0075243315659463406,0.05767196789383888,0.0,0.3628004491329193,0.038508281111717224,0.03710751235485077,0.002627595327794552,0.1210639476776123,0.09719786792993546,0.135609433054924,0.2679850161075592,0.0,0.3064933121204376,0.0,0.6698024868965149,0.11762017011642456,0.13337938487529755,0.0,0.23155640065670013,0.11261111497879028,0.2305005043745041,0.005032341927289963,0.0,0.35015997290611267,0.41845330595970154,0.11714641004800797,0.0,0.0,1.7976669073104858,0.36581751704216003,0.1388244777917862,0.06386736780405045,2.207026958465576,0.0,0.21447710692882538,0.0,0.0,0.04921330139040947,0.0,0.0,0.414436936378479,0.10286249965429306,0.0,0.003455099882557988,0.4338811933994293,0.015025284141302109,0.016990529373288155,0.0,0.12046781182289124,0.0014751013368368149,0.0,0.04575267434120178,0.0,0.0,0.15024489164352417,0.0,0.0,0.0,0.16915680468082428,0.08200941234827042,0.107474684715271,0.0,0.0,0.018834194168448448,0.0,0.0,0.0,0.0,0.024005047976970673,0.0,1.276596188545227,0.04512544348835945,0.24269016087055206,0.0,0.0,0.05164526402950287,0.09793523699045181,0.08153685182332993,0.2658451795578003,0.04032539203763008,0.22017395496368408,0.0,0.0036779195070266724,0.1401473581790924,0.0,0.06002797186374664,0.30403125286102295,0.19416069984436035,0.1442958414554596,0.4207114279270172,0.06546419113874435,0.05365440249443054,0.23860077559947968,0.0,0.07434989511966705,0.24668581783771515,0.036112017929553986,0.0,0.0,0.0,0.0,0.01474171131849289,0.0,0.01618156023323536,0.12155921012163162,0.017953716218471527,0.0,0.6828764081001282,0.0,0.03311596438288689,0.3677980601787567,0.00013889708498027176,0.0,0.10930296033620834,0.2464030236005783,0.0,0.18985344469547272,0.0,0.0,0.003385437885299325
031,0.014023351483047009,0.0,0.22281821072101593,0.0,0.08801621198654175,0.022424355149269104,0.17462663352489471,0.0,0.01070721447467804,0.06771119683980942,0.0,0.26663586497306824,0.03708915039896965,0.05447900667786598,0.003741023363545537,0.08883261680603027,0.0879344567656517,0.1422918140888214,0.28046634793281555,0.0,0.2042582780122757,0.0,0.7633869051933289,0.12249711900949478,0.1220405101776123,0.0,0.3157025873661041,0.12161386013031006,0.2873620092868805,0.005041811149567366,0.0,0.34601378440856934,0.326447993516922,0.10463523119688034,0.0,0.0,1.6815487146377563,0.23363114893436432,0.13430388271808624,0.08297939598560333,1.9056483507156372,0.0,0.1827249526977539,0.0,0.0,0.05289166048169136,0.0,0.0,0.3491126298904419,0.09056440740823746,0.0,0.002274135360494256,0.4353273808956146,0.010463238693773746,0.029452085494995117,0.0,0.12048853188753128,0.002641526982188225,0.0,0.03940879553556442,0.0,0.0,0.18250446021556854,0.0,0.0,0.0,0.1537393480539322,0.07768554240465164,0.11327541619539261,0.0,0.0,0.026562847197055817,0.0,0.0,0.0,0.0,0.021439388394355774,0.0,1.1163593530654907,0.07284455746412277,0.16568948328495026,0.0,0.0,0.057081256061792374,0.07411206513643265,0.08492062240839005,0.22894106805324554,0.049243152141571045,0.19547522068023682,0.0003479756705928594,0.002578647807240486,0.1597357839345932,0.0,0.07491899281740189,0.3238848149776459,0.14127381145954132,0.09188511967658997,0.37894901633262634,0.05984840914607048,0.055283207446336746,0.20540876686573029,0.0,0.11822213977575302,0.24834777414798737,0.02842186577618122,0.0,0.0,0.0,0.0,0.013138704001903534,0.0,0.016385002061724663,0.0935220941901207,0.028932152315974236,0.0,0.5706636309623718,0.0,0.02086879126727581,0.23695175349712372,0.00015052672824822366,0.0,0.09822770953178406,0.13285274803638458,4.913528755423613e-05,0.18434368073940277,0.0,0.0,0.0020693400874733925
035,0.012673519551753998,0.0,0.2839774191379547,0.0,0.08476711809635162,0.018865564838051796,0.1701613813638687,0.0,0.006742164492607117,0.06899772584438324,0.0,0.3177225589752197,0.036856792867183685,0.05291808024048805,0.0037433055695146322,0.08930455148220062,0.11333318799734116,0.15824756026268005,0.2350008338689804,0.0,0.28758907318115234,0.0,0.7225201725959778,0.1647021770477295,0.13597902655601501,0.0,0.3228094279766083,0.11499248445034027,0.2581424117088318,0.006462274584919214,0.0,0.36967119574546814,0.4019499123096466,0.13274429738521576,0.0,0.0,1.823434591293335,0.3147452473640442,0.1328076273202896,0.06824075430631638,2.210214138031006,0.0,0.2132386714220047,0.0,0.0,0.05098281055688858,0.0,0.0,0.4276674687862396,0.12878386676311493,0.0,0.0031798449344933033,0.44540804624557495,0.015543751418590546,0.04811855033040047,0.0,0.11936899274587631,0.0018753994954749942,0.0,0.03634752705693245,0.0,0.0,0.15789161622524261,0.0,0.0,0.0,0.16625139117240906,0.12175752222537994,0.15344549715518951,0.0,0.0,0.019499516114592552,0.0,0.0,0.0,0.0,0.017793988808989525,3.933191237592837e-06,1.287567138671875,0.06558319181203842,0.2442183494567871,0.0,0.0,0.0650605782866478,0.09349095076322556,0.11567632853984833,0.25605207681655884,0.06248709186911583,0.21926020085811615,7.229715265566483e-06,0.004284839611500502,0.1377362459897995,0.0,0.06369832903146744,0.3025825321674347,0.1826489120721817,0.1337096393108368,0.41613665223121643,0.055822353810071945,0.05954327806830406,0.2452966272830963,0.0,0.10546547919511795,0.2718372642993927,0.03514036908745766,0.0,0.0,0.0,0.0,0.012425440363585949,0.0,0.013741978444159031,0.11258449405431747,0.019604003056883812,0.0,0.6512711644172668,0.0,0.05222044140100479,0.34293848276138306,0.00024043582379817963,0.0,0.09849374741315842,0.20158013701438904,0.0002124634338542819,0.19794999063014984,0.0,0.0,0.0050071850419044495
036,0.02244485355913639,0.0,0.23301491141319275,0.0,0.08678451925516129,0.01369022112339735,0.1919407695531845,0.0,0.02691742777824402,0.061494942754507065,0.0,0.29995885491371155,0.04908591881394386,0.07164163887500763,0.0034133954904973507,0.06955625861883163,0.11795886605978012,0.15300263464450836,0.2880728244781494,0.0,0.2771208584308624,0.0,0.8377963304519653,0.1331973820924759,0.1419038623571396,0.0,0.34264421463012695,0.12610109150409698,0.2729893624782562,0.006208569277077913,0.0,0.3590066432952881,0.4255439341068268,0.17601622641086578,0.0,0.0,1.8675836324691772,0.32749730348587036,0.13179032504558563,0.08508674800395966,2.1897990703582764,0.0,0.227944478392601,0.0,0.0,0.04808744788169861,0.0,0.0,0.4628262519836426,0.12983545660972595,0.0,0.01175825297832489,0.46403953433036804,0.01463825348764658,0.04091513901948929,0.0,0.14547546207904816,0.0033564523328095675,0.0,0.037405580282211304,0.0,0.0,0.17470930516719818,0.0,0.0,0.0,0.19155001640319824,0.08621937781572342,0.11930549144744873,0.0,0.0,0.022006670013070107,0.0,0.0,0.0,0.0,0.024838609620928764,0.0,1.2462173700332642,0.07739754021167755,0.17489635944366455,0.0,0.0,0.049007829278707504,0.10558334738016129,0.11467065662145615,0.25106579065322876,0.05926259234547615,0.2057272493839264,0.0003320916439406574,0.004551792982965708,0.14799194037914276,0.0,0.07723244279623032,0.33410462737083435,0.16468779742717743,0.10658439248800278,0.39436450600624084,0.06721530854701996,0.08558507263660431,0.24995028972625732,0.0,0.1051924005150795,0.2674010097980499,0.04395589977502823,0.0,0.0,0.0,0.0,0.012335293926298618,0.0,0.013030195608735085,0.09447316080331802,0.03456598147749901,0.0,0.5905682444572449,0.0,0.03417866677045822,0.23241588473320007,0.00014946864394005388,0.0,0.12218278646469116,0.14172232151031494,0.00021102245955262333,0.21943752467632294,0.0,0.0,0.003972487058490515
038,0.010959666222333908,0.0,0.2605268657207489,0.0,0.1041298657655716,0.016088206321001053,0.18177847564220428,0.0,0.009841502644121647,0.07609570026397705,0.0,0.31060677766799927,0.04020162671804428,0.06907791644334793,0.00806648749858141,0.09685245156288147,0.10745520889759064,0.1674843728542328,0.2940461039543152,0.0,0.24375881254673004,0.0,0.7936037182807922,0.14390847086906433,0.14758047461509705,0.0,0.3639528751373291,0.11578088253736496,0.28679144382476807,0.005951309110969305,0.0,0.35833609104156494,0.3628735840320587,0.1512012630701065,0.0,0.0,1.8668073415756226,0.2891155481338501,0.14118024706840515,0.08864717185497284,2.1429686546325684,0.0,0.20783308148384094,0.0,0.0,0.056550875306129456,0.0,0.0,0.4334700107574463,0.11695350706577301,0.0,0.0029616346582770348,0.44511666893959045,0.014342134818434715,0.04648258164525032,0.0,0.13961060345172882,0.0027118693105876446,0.0,0.04817047342658043,0.0,0.0,0.17596101760864258,0.0,0.0,0.0,0.14427301287651062,0.11175219714641571,0.13871268928050995,0.0,0.0,0.0286584310233593,0.0,0.0,0.0,0.0,0.032763171941041946,0.0,1.2381138801574707,0.09289097040891647,0.22264471650123596,0.0,0.0,0.06586520373821259,0.08426815271377563,0.10881905257701874,0.2549595832824707,0.05595981329679489,0.22375869750976562,0.00029143152642063797,0.006220379378646612,0.1624782383441925,0.0,0.0783473551273346,0.3082342743873596,0.170235738158226,0.12086334824562073,0.4158467650413513,0.0650208443403244,0.0631885826587677,0.2377658188343048,0.0,0.1047600507736206,0.2663918435573578,0.04008433222770691,0.0,0.0,0.0,0.0,0.014220092445611954,0.0,0.01635044999420643,0.10927600413560867,0.03912828117609024,0.0,0.6378438472747803,0.0,0.04557640105485916,0.28070080280303955,0.0001974501647055149,0.0,0.09149156510829926,0.16289319097995758,0.00016602399409748614,0.19177596271038055,0.0,0.0,0.003045691642910242
039,0.015136385336518288,0.0,0.3101547360420227,0.0,0.08474229276180267,0.010953732766211033,0.18680445849895477,0.0,0.01315915398299694,0.06698264926671982,0.0,0.3613503873348236,0.04246542602777481,0.042857617139816284,0.00204858323559165,0.10570518672466278,0.10788843780755997,0.16032171249389648,0.27133384346961975,0.0,0.31675899028778076,0.0,0.7489539384841919,0.14046064019203186,0.13809987902641296,0.0,0.26706409454345703,0.12310989201068878,0.2439909428358078,0.005489571485668421,0.0,0.37574324011802673,0.45071324706077576,0.13601240515708923,0.0,0.0,1.9268079996109009,0.36946308612823486,0.1338440179824829,0.060126326978206635,2.3283615112304688,0.0,0.23275062441825867,0.0,0.0,0.05785972997546196,0.0,0.0,0.4533470571041107,0.1254049688577652,0.0,0.004314886871725321,0.4662562310695648,0.015554390847682953,0.03015773370862007,0.0,0.12580753862857819,0.0018305510748177767,0.0,0.042024463415145874,0.0,0.0,0.1604493111371994,0.0,0.0,0.0,0.1838502287864685,0.09515873342752457,0.12647435069084167,0.0,0.0,0.02122485637664795,0.0,0.0,0.0,0.0,0.024122631177306175,0.0,1.3596105575561523,0.04904121160507202,0.23295533657073975,0.0,0.0,0.05571570247411728,0.10182088613510132,0.09652697294950485,0.27366212010383606,0.04845916107296944,0.21911954879760742,0.0,0.005203195847570896,0.14062194526195526,0.0,0.06415728479623795,0.32342711091041565,0.19757719337940216,0.13277029991149902,0.42883187532424927,0.07069392502307892,0.05842083692550659,0.25729966163635254,0.0,0.08177913725376129,0.2696455419063568,0.03996361047029495,0.0,0.0,0.0,0.0,0.008933253586292267,0.0,0.012599343433976173,0.12581074237823486,0.01871764287352562,0.0,0.6856754422187805,0.0,0.03339355066418648,0.3609883785247803,0.0001481680665165186,0.0,0.11369635164737701,0.2248886078596115,0.0,0.20487967133522034,0.0,1.2637431609618943e-05,0.003967105410993099
043,0.013669717125594616,0.0,0.17110294103622437,0.0,0.08614131808280945,0.015276679769158363,0.13866539299488068,0.0,0.009296180680394173,0.06833479553461075,0.0,0.21830418705940247,0.038667164742946625,0.04530942440032959,0.005825044121593237,0.1034151166677475,0.06769721210002899,0.12461484968662262,0.28021040558815,0.0,0.14450614154338837,0.0,0.6304217576980591,0.0921235904097557,0.1160532683134079,0.0,0.257849782705307,0.12098206579685211,0.24995502829551697,0.006300191394984722,0.0,0.29130783677101135,0.2694303095340729,0.10164139419794083,0.0,0.0,1.3761060237884521,0.18566974997520447,0.09689457714557648,0.0781884640455246,1.5112779140472412,0.0,0.1452631652355194,0.0,0.0,0.04784813150763512,0.0,0.0,0.30331987142562866,0.08625487983226776,0.0,0.003972784616053104,0.3544714152812958,0.014099645428359509,0.03088289499282837,0.0,0.10793270915746689,0.0035719412844628096,0.0,0.0378037691116333,0.0,0.0,0.16633708775043488,0.0,0.0,0.0,0.1300537884235382,0.060077499598264694,0.09729313850402832,0.0,0.0,0.023311100900173187,0.0,0.0,0.0,0.0,0.026387672871351242,0.0,0.8685080409049988,0.07045719027519226,0.12558789551258087,0.0,0.0,0.036440081894397736,0.06199321895837784,0.06837548315525055,0.20814688503742218,0.03433690592646599,0.15684594213962555,0.00015101181634236127,0.005056840367615223,0.16438959538936615,0.0,0.05788392573595047,0.2845972776412964,0.1194351464509964,0.05210025981068611,0.3127659857273102,0.05926636978983879,0.05864010006189346,0.17367149889469147,0.0,0.06287159025669098,0.2077358067035675,0.03230665251612663,0.0,0.0,0.0,0.0,0.009914440102875233,0.0,0.015834037214517593,0.06991212069988251,0.029141908511519432,0.0,0.4628886282444,0.0,0.005111524369567633,0.18352492153644562,8.741940837353468e-05,0.0,0.08014801889657974,0.09380587190389633,1.4389186617336236e-05,0.16773641109466553,0.0,0.0,0.0037670645397156477
044,0.008246468380093575,0.0,0.29010719060897827,0.0,0.09478569030761719,0.015585118904709816,0.16350731253623962,0.0,0.005995395593345165,0.07039028406143188,0.0,0.3159152567386627,0.04289506375789642,0.06085382029414177,0.005302277393639088,0.09185070544481277,0.11244451999664307,0.16081853210926056,0.2516538202762604,0.0,0.27475130558013916,0.0,0.7313564419746399,0.16111697256565094,0.14095978438854218,0.0,0.3440167009830475,0.11196529865264893,0.2733810544013977,0.007070635911077261,0.0,0.34501466155052185,0.37862008810043335,0.13895979523658752,0.0,0.0,1.8005974292755127,0.31907159090042114,0.14859357476234436,0.08028070628643036,2.1542301177978516,0.0,0.20311853289604187,0.0,0.0,0.048701222985982895,0.0,0.0,0.44012632966041565,0.1192614883184433,0.0,0.0025976714678108692,0.4220643639564514,0.017120884731411934,0.041294146329164505,0.0,0.13598498702049255,0.0034586689434945583,0.0,0.043829914182424545,0.0,0.0,0.16060113906860352,0.0,0.0,0.0,0.1438511312007904,0.12116491794586182,0.1411881297826767,0.0,0.0,0.01636412926018238,0.0,0.0,0.0,0.0,0.01930314302444458,0.0,1.2504713535308838,0.0751127377152443,0.25215399265289307,0.0,0.0,0.06469117105007172,0.08434106409549713,0.11657653003931046,0.2548031806945801,0.06078006699681282,0.22068138420581818,0.00016471855633426458,0.005127680022269487,0.14808683097362518,0.0,0.07071585953235626,0.2851579785346985,0.17090275883674622,0.13940247893333435,0.39616256952285767,0.05051440745592117,0.05627892166376114,0.24604633450508118,0.0,0.1052166223526001,0.25948941707611084,0.040414709597826004,0.0,0.0,0.0,0.0,0.01303437352180481,0.0,0.014422183856368065,0.10987361520528793,0.024385029450058937,0.0,0.6462754011154175,0.0,0.05552148073911667,0.3259753882884979,0.000140431773616001,0.0,0.100520059466362,0.19482670724391937,0.00019164638069923967,0.19586503505706787,0.0,0.0,0.00436329934746027
045,0.014393562451004982,0.0,0.24100109934806824,0.0,0.09096963703632355,0.022524351254105568,0.18176214396953583,0.0,0.010182974860072136,0.0706549659371376,0.0,0.2796500325202942,0.039261966943740845,0.0650939792394638,0.004888109862804413,0.08807629346847534,0.10602204501628876,0.1516953408718109,0.2782236337661743,0.0,0.23829343914985657,0.0,0.7848749160766602,0.13935497403144836,0.13112714886665344,0.0,0.33247166872024536,0.12543168663978577,0.2953057885169983,0.006434889975935221,0.0,0.3588032126426697,0.35219472646713257,0.11999251693487167,0.0,0.0,1.7759408950805664,0.2634649872779846,0.14037936925888062,0.08466321229934692,2.052617073059082,0.0,0.19070938229560852,0.0,0.0,0.04874527454376221,0.0,0.0,0.391716331243515,0.10348838567733765,0.0,0.0023017036728560925,0.4485434591770172,0.012382873333990574,0.03589851036667824,0.0,0.13589829206466675,0.0036614127457141876,0.0,0.03888793662190437,0.0,0.0,0.18915970623493195,0.0,0.0,0.0,0.1568486988544464,0.09832634776830673,0.12549546360969543,0.0,0.0,0.026679981499910355,0.0,0.0,0.0,0.0,0.022917766124010086,0.0,1.1905500888824463,0.07570143789052963,0.2094809114933014,0.0,0.0,0.06429548561573029,0.08050217479467392,0.09670499712228775,0.2454843968153,0.058805644512176514,0.21807798743247986,0.00035957424552179873,0.003837470430880785,0.16860640048980713,0.0,0.08228158205747604,0.32833272218704224,0.1554090529680252,0.11515738815069199,0.400412380695343,0.06181664019823074,0.06061093136668205,0.2287527322769165,0.0,0.12848731875419617,0.2607206404209137,0.030947411432862282,0.0,0.0,0.0,0.0,0.011512343771755695,0.0,0.014188316650688648,0.09732845425605774,0.029684796929359436,0.0,0.6139599084854126,0.0,0.04039852321147919,0.27760380506515503,0.00011469829041743651,0.0,0.10166022926568985,0.15633201599121094,0.00010663994908099994,0.19526416063308716,0.0,0.0,0.0036455218214541674
047,0.01110092643648386,0.0,0.20446164906024933,0.0,0.07774259150028229,0.011712339706718922,0.1529170572757721,0.0,0.009788417257368565,0.05643271654844284,0.0,0.25351887941360474,0.04073502495884895,0.048152633011341095,0.003383408533409238,0.07485697418451309,0.08356081694364548,0.13532331585884094,0.2603127360343933,0.0,0.23185975849628448,0.0,0.6808412075042725,0.11441482603549957,0.1166946142911911,0.0,0.3127759099006653,0.11239206790924072,0.25140875577926636,0.006405117455869913,0.0,0.2954208254814148,0.29828017950057983,0.1292036920785904,0.0,0.0,1.5257880687713623,0.24816174805164337,0.12032938003540039,0.07081790268421173,1.7363392114639282,0.0,0.1793544739484787,0.0,0.0,0.04271606728434563,0.0,0.0,0.3617657721042633,0.13124869763851166,0.0,0.0019221773836761713,0.36241742968559265,0.013948644511401653,0.024363096803426743,0.0,0.12742282450199127,0.002473291475325823,0.0,0.03289634734392166,0.0,0.0,0.153553307056427,0.0,0.0,0.0,0.12866027653217316,0.07833270728588104,0.11117684841156006,0.0,0.0,0.019751964136958122,0.0,0.0,0.0,0.0,0.02498350851237774,6.016581755829975e-05,0.9819384813308716,0.06329996138811111,0.1575879603624344,0.0,0.0,0.039027515798807144,0.0699702650308609,0.10063697397708893,0.19736139476299286,0.04039748013019562,0.2072010487318039,0.0003161924541927874,0.004853143356740475,0.13670934736728668,0.0,0.059073470532894135,0.26394665241241455,0.13939402997493744,0.0994918942451477,0.3381413519382477,0.05444472283124924,0.05571702867746353,0.20877504348754883,0.0,0.09760069847106934,0.22669772803783417,0.04441166669130325,0.0,0.0,0.0,0.0,0.011323824524879456,0.0,0.01130844559520483,0.08090496808290482,0.01969764567911625,0.0,0.5341163873672485,0.0,0.020699480548501015,0.25110965967178345,0.00015119605814106762,0.0,0.10298141092061996,0.13280312716960907,1.664279579927097e-06,0.17960211634635925,0.0,0.0,0.0034962892532348633
050,0.009376262314617634,0.0,0.3005478084087372,0.0,0.08613573759794235,0.008674387820065022,0.21431152522563934,0.0,0.026556789875030518,0.06806962192058563,0.0,0.3603310286998749,0.030021468177437782,0.06855717301368713,0.0035482451785355806,0.08733252435922623,0.1260939985513687,0.1586649864912033,0.27635470032691956,0.0,0.32154589891433716,0.0,0.7854270935058594,0.13701462745666504,0.14574910700321198,0.0,0.30731698870658875,0.11295927315950394,0.24658764898777008,0.004331629723310471,0.0,0.3987845480442047,0.5131550431251526,0.17169086635112762,0.0,0.0,1.9919682741165161,0.3982115089893341,0.14991696178913116,0.09140768647193909,2.4626963138580322,0.0,0.23069487512111664,0.0,0.0,0.0486324243247509,0.0,0.0,0.5289921164512634,0.10872746258974075,0.0,0.004782199859619141,0.484080046415329,0.014700368046760559,0.040841516107320786,0.0,0.12340875715017319,0.0018046213081106544,0.0,0.0445852167904377,0.0,0.0,0.1720820516347885,0.0,0.0,0.0,0.21599642932415009,0.10774602741003036,0.13208557665348053,0.0,0.0,0.019965367391705513,0.0,0.0,0.0,0.0,0.02558036707341671,0.0,1.4189906120300293,0.058590278029441833,0.21836845576763153,0.0,0.0,0.0601479597389698,0.1065814271569252,0.11421343684196472,0.2988870441913605,0.06022930517792702,0.19302718341350555,8.915991202229634e-05,0.005676427856087685,0.1463005393743515,0.0,0.06405998021364212,0.3506500720977783,0.20642276108264923,0.12454339116811752,0.41873499751091003,0.06961628049612045,0.0876237154006958,0.2774279713630676,0.0,0.0931088924407959,0.2673904001712799,0.03838260844349861,0.0,0.0,0.0,0.0,0.006145890802145004,0.0,0.019450383260846138,0.1150335744023323,0.04561440646648407,0.0,0.674816906452179,0.0,0.04295339062809944,0.3241375982761383,0.00013979978393763304,0.0,0.11974438279867172,0.20002347230911255,0.00010262264549965039,0.23053814470767975,0.0,0.0,0.0022725563030689955
051,0.022603552788496017,0.0,0.17176835238933563,0.0,0.059128664433956146,0.01074737124145031,0.1661052405834198,0.0,0.033743806183338165,0.030891820788383484,0.0,0.23257064819335938,0.04000876471400261,0.04767478257417679,0.0017730614636093378,0.046209223568439484,0.08892400562763214,0.12274976074695587,0.2362549751996994,0.0,0.24471910297870636,0.0,0.6482858657836914,0.08076268434524536,0.0864722952246666,0.0,0.22310912609100342,0.10845182836055756,0.19793415069580078,0.005695058964192867,0.0,0.2712511420249939,0.35696497559547424,0.16820183396339417,0.0,0.0,1.4215147495269775,0.27182096242904663,0.11451572179794312,0.06901749968528748,1.669716238975525,0.0,0.16115380823612213,0.0,0.0,0.02853040024638176,0.0,0.0,0.3973701596260071,0.12353670597076416,0.0,0.007091190665960312,0.3538212180137634,0.012616731226444244,0.0166605357080698,0.0,0.0995718389749527,0.0014021019451320171,0.0,0.03473231941461563,0.0,0.0,0.13724005222320557,0.0,0.0,0.0,0.18468166887760162,0.047043584287166595,0.06440874189138412,0.0,0.0,0.02476360835134983,0.0,0.0,0.0,0.0,0.031127680093050003,0.0,0.9403741955757141,0.03259603679180145,0.09705986082553864,0.0,0.0,0.016250507906079292,0.08365102857351303,0.09744594246149063,0.17179813981056213,0.02989593707025051,0.1532825380563736,0.0003888675128109753,0.006810682360082865,0.10463108867406845,0.0,0.04987747594714165,0.26810187101364136,0.13807393610477448,0.06944240629673004,0.3096933960914612,0.05733807012438774,0.07251928746700287,0.2137797325849533,0.0,0.06944148987531662,0.1980103701353073,0.04472193866968155,0.0,0.0,0.0,0.0,0.005741399712860584,0.0,0.008937516249716282,0.07004725933074951,0.017772052437067032,0.0,0.46075740456581116,0.0,0.01205710880458355,0.16575148701667786,7.616449147462845e-05,0.0,0.11964992433786392,0.10454640537500381,9.732250873639714e-06,0.170888751745224,0.0,0.0,0.0028780337888747454
053,0.017207322642207146,0.0,0.18508554995059967,0.0,0.10383804887533188,0.015743227675557137,0.12318022549152374,0.0,0.009327750653028488,0.09287969768047333,0.0,0.21083948016166687,0.0332995280623436,0.04904694855213165,0.0095417695119977,0.14195434749126434,0.07654257118701935,0.13316769897937775,0.3364543318748474,0.0,0.14683090150356293,0.0,0.6823626160621643,0.09487085789442062,0.13864566385746002,0.0,0.27153754234313965,0.12722720205783844,0.2770950198173523,0.005016643553972244,0.0,0.29883015155792236,0.311356782913208,0.102301225066185,0.0,0.0,1.523716926574707,0.19784638285636902,0.09832359850406647,0.0858757346868515,1.6348882913589478,0.0,0.13413777947425842,0.0,0.0,0.06524906307458878,0.0,0.0,0.325809508562088,0.07970921695232391,0.0,0.0022816727869212627,0.3971503973007202,0.010673647746443748,0.02044009231030941,0.0,0.12966665625572205,0.003079768270254135,0.0,0.03816532716155052,0.0,0.0,0.19394271075725555,0.0,0.0,0.0,0.1320439875125885,0.06107001751661301,0.09785003960132599,0.0,0.0,0.0252858754247427,0.0,0.0,0.0,0.0,0.026916444301605225,0.0,0.9783687591552734,0.09514495730400085,0.14659467339515686,0.0,0.0,0.06971706449985504,0.06350452452898026,0.06543068587779999,0.2738714814186096,0.03070582076907158,0.17107050120830536,0.0003678546636365354,0.003983058966696262,0.21515455842018127,0.0,0.0707918033003807,0.2875143587589264,0.10766507685184479,0.053702861070632935,0.3252224028110504,0.07993078976869583,0.04540131241083145,0.19625622034072876,0.0,0.0637134537100792,0.20633551478385925,0.028538459911942482,0.0,0.0,0.0,0.0,0.009387143887579441,0.0,0.011570168659090996,0.07839563488960266,0.041194699704647064,0.0,0.5083907842636108,0.0,0.005534001626074314,0.18429890275001526,0.0,0.0,0.08019255101680756,0.10979948937892914,0.0,0.18377767503261566,0.0,0.0,0.0016739008715376258
055,0.011828017421066761,0.0,0.13962168991565704,0.0,0.06082264706492424,0.018305649980902672,0.1262308806180954,0.0,0.00859601516276598,0.03840059041976929,0.0,0.18595051765441895,0.03333982452750206,0.042736005038022995,0.004610284697264433,0.057674240320920944,0.059887900948524475,0.09842499345541,0.20045898854732513,0.0,0.14260472357273102,0.0,0.5074661374092102,0.08012168854475021,0.07841196656227112,0.0,0.21640504896640778,0.10287777334451675,0.1908668726682663,0.007200315594673157,0.0,0.22331629693508148,0.21901661157608032,0.09791574627161026,0.0,0.0,1.0855597257614136,0.15508460998535156,0.09230303764343262,0.06117837131023407,1.215412974357605,0.0,0.11638232320547104,0.0,0.0,0.030431142076849937,0.0,0.0,0.26647070050239563,0.09207555651664734,0.0,0.004226974677294493,0.28017574548721313,0.015291932038962841,0.023523764684796333,0.0,0.07992666959762573,0.0035760607570409775,0.0,0.032023727893829346,0.0,0.0,0.1227870061993599,0.0,0.0,0.0,0.12299824506044388,0.05516371130943298,0.07157104462385178,0.0,0.0,0.020299358293414116,0.0,0.0,0.0,0.0,0.03057807870209217,4.2080762796103954e-05,0.6867580413818359,0.04219548776745796,0.09512466937303543,0.0,0.0,0.020054981112480164,0.05148189142346382,0.07751625031232834,0.14283956587314606,0.02450038306415081,0.139395073056221,0.00039879573159851134,0.005474420264363289,0.10775946825742722,0.0,0.04164543375372887,0.21098841726779938,0.10929272323846817,0.05376024544239044,0.26774728298187256,0.040444064885377884,0.055083226412534714,0.14573261141777039,0.0,0.06340853124856949,0.1723775863647461,0.0288420170545578,0.0,0.0,0.0,0.0,0.007238788064569235,0.0,0.013487259857356548,0.061210136860609055,0.018424788489937782,0.0,0.3908315598964691,0.0,0.007299246732145548,0.1546827107667923,0.00013563821266870946,0.0,0.07881355285644531,0.07428911328315735,0.0,0.1324884444475174,0.0,0.0,0.003028160659596324
056,0.010553491301834583,0.0,0.2941840589046478,0.0,0.09557686746120453,0.016611024737358093,0.1797812283039093,0.0,0.010192307643592358,0.07211057841777802,0.0,0.33762747049331665,0.04040266200900078,0.06170695275068283,0.0037190988659858704,0.09536776691675186,0.11284883320331573,0.17045673727989197,0.27081751823425293,0.0,0.2828863263130188,0.0,0.7720692753791809,0.15611770749092102,0.14231161773204803,0.0,0.3198728561401367,0.11617287248373032,0.26804184913635254,0.0059813023544847965,0.0,0.37224191427230835,0.41147270798683167,0.14421610534191132,0.0,0.0,1.9163753986358643,0.334227979183197,0.139309823513031,0.07372266054153442,2.2875406742095947,0.0,0.2162638157606125,0.0,0.0,0.05171773582696915,0.0,0.0,0.45556944608688354,0.12017527967691422,0.0,0.0036408710293471813,0.45491132140159607,0.014978572726249695,0.0433586910367012,0.0,0.13152635097503662,0.001974766841158271,0.0,0.044016607105731964,0.0,0.0,0.1608123630285263,0.0,0.0,0.0,0.16369834542274475,0.11655841022729874,0.1368788629770279,0.0,0.0,0.023564422503113747,0.0,0.0,0.0,0.0,0.02745392918586731,0.0,1.3354647159576416,0.06711404025554657,0.23838047683238983,0.0,0.0,0.06468536704778671,0.09453729540109634,0.10978535562753677,0.2611948549747467,0.058328788727521896,0.21340492367744446,5.5538152082590386e-05,0.005294800270348787,0.14692756533622742,0.0,0.07071111351251602,0.3123682141304016,0.18368148803710938,0.13404503464698792,0.42533618211746216,0.06252378225326538,0.0598507821559906,0.2497660219669342,0.0,0.09344683587551117,0.26912885904312134,0.04057302325963974,0.0,0.0,0.0,0.0,0.012864043936133385,0.0,0.01395430974662304,0.11795876920223236,0.02669548988342285,0.0,0.6718333959579468,0.0,0.050344087183475494,0.32453280687332153,0.0002379857760388404,0.0,0.0981404185295105,0.20056168735027313,0.00015507356147281826,0.19881244003772736,0.0,0.0,0.003806278808042407
057,0.009988080710172653,0.0,0.17385847866535187,0.0,0.06412462890148163,0.02038910612463951,0.14437948167324066,0.0,0.008748676627874374,0.04099935293197632,0.0,0.21079832315444946,0.03438550606369972,0.04396919906139374,0.004705723375082016,0.07853031903505325,0.06635767221450806,0.10026684403419495,0.22512099146842957,0.0,0.17876628041267395,0.0,0.6011841297149658,0.09060662984848022,0.08327415585517883,0.0,0.22656668722629547,0.10355396568775177,0.21227210760116577,0.004178225062787533,0.0,0.2661769390106201,0.2558186948299408,0.10133041441440582,0.0,0.0,1.3052937984466553,0.1730574071407318,0.1046486422419548,0.06559843569993973,1.4787147045135498,0.0,0.12523585557937622,0.0,0.0,0.0401141531765461,0.0,0.0,0.27915751934051514,0.09018334001302719,0.0,0.003573521040380001,0.35439813137054443,0.015701422467827797,0.024895424023270607,0.0,0.08739933371543884,0.004812521394342184,0.0,0.03301016986370087,0.0,0.0,0.13815952837467194,0.0,0.0,0.0,0.14859704673290253,0.057281121611595154,0.08347780257463455,0.0,0.0,0.029340816661715508,0.0,0.0,0.0,0.0,0.03674191236495972,0.00019200517272111028,0.8372707962989807,0.04219567030668259,0.11980058252811432,0.0,0.0,0.0227033831179142,0.05824056640267372,0.07161223888397217,0.15735793113708496,0.032354798167943954,0.16884928941726685,0.0005074770306237042,0.0017653382383286953,0.11693459004163742,0.0,0.053234800696372986,0.26807448267936707,0.11824695020914078,0.06577268242835999,0.31923913955688477,0.05239880084991455,0.057648565620183945,0.15595971047878265,0.0,0.08592576533555984,0.19005219638347626,0.02575100213289261,0.0,0.0,0.0,0.0,0.0096167316660285,0.0,0.01741611212491989,0.07280062139034271,0.020066682249307632,0.0,0.45743677020072937,0.0,0.014716697856783867,0.19030235707759857,0.0002009073068620637,0.0,0.08154802024364471,0.10574373602867126,0.0,0.15096515417099,0.0,0.0,0.002302867127582431
059,0.016456924378871918,0.0,0.2684401869773865,0.0,0.08369766920804977,0.02127077244222164,0.20241917669773102,0.0,0.010077394545078278,0.06495633721351624,0.0,0.3143746852874756,0.038883280009031296,0.07502776384353638,0.0038270677905529737,0.08432993292808533,0.12796998023986816,0.15455469489097595,0.24808269739151,0.0,0.27977368235588074,0.0,0.7991602420806885,0.165529265999794,0.130827859044075,0.0,0.32731354236602783,0.13239982724189758,0.28378432989120483,0.0062336851842701435,0.0,0.39490655064582825,0.39711079001426697,0.13206824660301208,0.0,0.0,1.9035483598709106,0.3059316575527191,0.13904732465744019,0.07197973877191544,2.268427848815918,0.0,0.20686659216880798,0.0,0.0,0.04954785853624344,0.0,0.0,0.41912683844566345,0.11383803933858871,0.0,0.0037871648091822863,0.4843427836894989,0.012638436630368233,0.051346555352211,0.0,0.1318642497062683,0.0030060450080782175,0.0,0.04165997728705406,0.0,0.0,0.1719224601984024,0.0,0.0,0.0,0.16826798021793365,0.11430708318948746,0.13923507928848267,0.0,0.0,0.025430746376514435,0.0,0.0,0.0,0.0,0.02431562915444374,1.1375595931895077e-06,1.3098831176757812,0.06684428453445435,0.2417195588350296,0.0,0.0,0.07048025727272034,0.08999481797218323,0.10557989776134491,0.2568782866001129,0.07434801757335663,0.22374306619167328,0.00013467346434481442,0.003058946691453457,0.14932842552661896,0.0,0.08407798409461975,0.33806219696998596,0.17983926832675934,0.13817951083183289,0.43313634395599365,0.06340747326612473,0.07002241909503937,0.24384938180446625,0.0,0.13648894429206848,0.2771640419960022,0.02610785886645317,0.0,0.0,0.0,0.0,0.01497712917625904,0.0,0.016436932608485222,0.11099100112915039,0.027924753725528717,0.0,0.6637475490570068,0.0,0.05984128266572952,0.3140563666820526,0.00013810543168801814,0.0,0.0973210334777832,0.1839025765657425,0.000144138015457429,0.20228256285190582,0.0,0.0,0.004235250409692526
060,0.00769555801525712,0.0,0.2657877802848816,0.0,0.09493028372526169,0.01578110083937645,0.17463570833206177,0.0,0.006785626523196697,0.06312589347362518,0.0,0.3086686432361603,0.04138877987861633,0.07061765342950821,0.006099842954427004,0.09357652813196182,0.11550573259592056,0.17084451019763947,0.2613452970981598,0.0,0.27434566617012024,0.0,0.78680020570755,0.1707516312599182,0.14120209217071533,0.0,0.3773900270462036,0.11539068073034286,0.28566285967826843,0.0071091242134571075,0.0,0.3698791563510895,0.37812677025794983,0.16267257928848267,0.0,0.0,1.880109190940857,0.30393218994140625,0.13419711589813232,0.0772913247346878,2.2203547954559326,0.0,0.19141721725463867,0.0,0.0,0.0496530756354332,0.0,0.0,0.46103280782699585,0.13612715899944305,0.0,0.001665956573560834,0.4435385465621948,0.015576856210827827,0.04745984822511673,0.0,0.14261354506015778,0.0020579458214342594,0.0,0.039382465183734894,0.0,0.0,0.1682669073343277,0.0,0.0,0.0,0.15500830113887787,0.13210804760456085,0.14848168194293976,0.0,0.0,0.026035495102405548,0.0,0.0,0.0,0.0,0.02404053881764412,0.0,1.2873730659484863,0.07549910247325897,0.24478960037231445,0.0,0.0,0.06570049375295639,0.07852242887020111,0.11852899938821793,0.24829527735710144,0.07246577739715576,0.23094472289085388,0.00018870914936996996,0.0060381717048585415,0.15430796146392822,0.0,0.07049316167831421,0.3082302212715149,0.17243888974189758,0.14011430740356445,0.4184187650680542,0.06003323197364807,0.060201823711395264,0.25273171067237854,0.0,0.11525455862283707,0.2681615948677063,0.04351671785116196,0.0,0.0,0.0,0.0,0.014057020656764507,0.0,0.012472165748476982,0.1093156635761261,0.02675602212548256,0.0,0.6560330986976624,0.0,0.06102030724287033,0.32217293977737427,0.0002483029675204307,0.0,0.10185588896274567,0.1765742152929306,0.00026169835473410785,0.2053196132183075,0.0,0.0,0.0034666794817894697
061,0.01917663961648941,0.0,0.2677747309207916,0.0,0.07735693454742432,0.013732006773352623,0.19880832731723785,0.0,0.020748760551214218,0.054468072950839996,0.0,0.31511837244033813,0.0583546981215477,0.07496272772550583,0.003951398655772209,0.07427137345075607,0.12839749455451965,0.16097795963287354,0.2502795457839966,0.0,0.32306334376335144,0.0,0.8279997706413269,0.16354408860206604,0.12934447824954987,0.0,0.3435543477535248,0.12982654571533203,0.2605516016483307,0.009701631031930447,0.0,0.38178834319114685,0.4292411804199219,0.1877640038728714,0.0,0.0,1.9203989505767822,0.34967732429504395,0.1392921358346939,0.06916609406471252,2.309110164642334,0.0,0.22833235561847687,0.0,0.0,0.04819673299789429,0.0,0.0,0.479635626077652,0.16131646931171417,0.0,0.007671059109270573,0.4573410749435425,0.014114492572844028,0.03730350732803345,0.0,0.1479092836380005,0.0029217926785349846,0.0,0.03742780163884163,0.0,0.0,0.15487447381019592,0.0,0.0,0.0,0.17568707466125488,0.10626056790351868,0.13185015320777893,0.0,0.0,0.020960072055459023,0.0,0.0,0.0,0.0,0.022614523768424988,0.00040855497354641557,1.3130781650543213,0.06195589154958725,0.2136213332414627,0.0,0.0,0.052051957696676254,0.10014781355857849,0.1272408664226532,0.23271170258522034,0.06993510574102402,0.21870048344135284,0.000275400816462934,0.006648438982665539,0.12446098029613495,0.0,0.07340668141841888,0.315096914768219,0.1795825958251953,0.13316182792186737,0.40664243698120117,0.06676050275564194,0.07548034936189651,0.26392877101898193,0.0,0.1124737486243248,0.2743690013885498,0.045192234218120575,0.0,0.0,0.0,0.0,0.009048139676451683,0.0,0.009652487933635712,0.09953747689723969,0.021319687366485596,0.0,0.6310621500015259,0.0,0.04717294126749039,0.290500670671463,0.00015149309183470905,0.0,0.12099502980709076,0.17072664201259613,0.0002612286480143666,0.21247339248657227,0.0,0.0,0.004864237736910582
062,0.008987420238554478,0.0,0.16951657831668854,0.0,0.06217816472053528,0.01624877378344536,0.12113653868436813,0.0,0.008370419964194298,0.0309007465839386,0.0,0.2043808251619339,0.0330481082201004,0.04398701712489128,0.003720901906490326,0.06692203879356384,0.060778431594371796,0.10146648436784744,0.1937723606824875,0.0,0.18877360224723816,0.0,0.5476723909378052,0.09383416175842285,0.07799657434225082,0.0,0.23626968264579773,0.0907929465174675,0.1900966912508011,0.00662421528249979,0.0,0.22838854789733887,0.23808526992797852,0.11037474870681763,0.0,0.0,1.210436463356018,0.1833990514278412,0.10047804564237595,0.056177232414484024,1.3963955640792847,0.0,0.1256348043680191,0.0,0.0,0.03218160197138786,0.0,0.0,0.29470327496528625,0.10795003175735474,0.0,0.0029876925982534885,0.3039374351501465,0.014869305305182934,0.02355070598423481,0.0,0.08481616526842117,0.004682638216763735,0.0,0.03259202092885971,0.0,0.0,0.1168556660413742,0.0,0.0,0.0,0.12133090943098068,0.07317520678043365,0.08696845918893814,0.0,0.0,0.022511381655931473,0.0,0.0,0.0,0.0,0.025570714846253395,0.0005719533073715866,0.7809224128723145,0.040851183235645294,0.12833115458488464,0.0,0.0,0.02278107777237892,0.054877858608961105,0.08690666407346725,0.14146004617214203,0.02479754202067852,0.16363172233104706,0.00035743764601647854,0.005582235753536224,0.09390345960855484,0.0,0.04005884751677513,0.20905229449272156,0.11492069810628891,0.07488132268190384,0.29170337319374084,0.05051014944911003,0.05014737322926521,0.16030099987983704,0.0,0.07035761326551437,0.1702890396118164,0.03359736129641533,0.0,0.0,0.0,0.0,0.010105306282639503,0.0,0.012645157985389233,0.06490869075059891,0.012142181396484375,0.0,0.43831387162208557,0.0,0.02161303721368313,0.20621423423290253,5.739149492001161e-05,4.073149739269866e-06,0.08763805776834488,0.10948295891284943,0.0,0.14337800443172455,0.0,0.0,0.0024905898608267307
063,0.015225282870233059,0.0,0.3146795332431793,0.0,0.07894287258386612,0.008034755475819111,0.19433973729610443,0.0,0.02954108826816082,0.06232273951172829,0.0,0.3527149260044098,0.03176945075392723,0.05584661662578583,0.002906208159402013,0.09345491975545883,0.12846243381500244,0.15420062839984894,0.25102952122688293,0.0,0.3452402353286743,0.0,0.7510223984718323,0.1388772875070572,0.13745804131031036,0.0,0.2781839668750763,0.11613986641168594,0.22663740813732147,0.00550009636208415,0.0,0.37599408626556396,0.5102542042732239,0.1621924489736557,0.0,0.0,1.9365839958190918,0.4063516855239868,0.15142793953418732,0.07945968210697174,2.4318506717681885,0.0,0.2362930029630661,0.0,0.0,0.048554468899965286,0.0,0.0,0.5086961388587952,0.1173139289021492,0.0,0.007379438262432814,0.4785725176334381,0.015592876821756363,0.04098440334200859,0.0,0.11835416406393051,0.002963953884318471,0.0,0.04214509204030037,0.0,0.0,0.16669116914272308,0.0,0.0,0.0,0.218789204955101,0.11235830187797546,0.13018475472927094,0.0,0.0,0.01737518422305584,0.0,0.0,0.0,0.0,0.019625375047326088,6.924087301740656e-06,1.4021482467651367,0.0507969856262207,0.22929205000400543,0.0,0.0,0.05461829528212547,0.1179577186703682,0.11388692259788513,0.28580281138420105,0.0534563846886158,0.20996922254562378,0.0,0.0039534312672913074,0.13218100368976593,0.0,0.059360045939683914,0.3292245864868164,0.20755277574062347,0.1316870003938675,0.42470869421958923,0.0702652856707573,0.07682376354932785,0.2731614112854004,0.0,0.08683411031961441,0.2661531865596771,0.03720308467745781,0.0,0.0,0.0,0.0,0.010571063496172428,0.0,0.014595306478440762,0.12284397333860397,0.029429279267787933,0.0,0.6744832992553711,0.0,0.05316689983010292,0.34085193276405334,0.000333036674419418,0.0,0.12077558040618896,0.22941875457763672,1.3299427337187808e-05,0.22196340560913086,0.0,0.0,0.003394370200112462
064,0.01042970735579729,0.0,0.1612105518579483,0.0,0.08135300129652023,0.016202058643102646,0.13232377171516418,0.0,0.010892688296735287,0.05294082313776016,0.0,0.20991432666778564,0.03656651824712753,0.042359691113233566,0.005757684353739023,0.07319038361310959,0.06326601654291153,0.12462089955806732,0.2592025399208069,0.0,0.15077731013298035,0.0,0.6024712324142456,0.08204002678394318,0.10587040334939957,0.0,0.26138848066329956,0.10864826291799545,0.24430358409881592,0.0062029557302594185,0.0,0.26134157180786133,0.24338042736053467,0.10717801749706268,0.0,0.0,1.2968947887420654,0.1740732192993164,0.1104595810174942,0.07611019909381866,1.4271959066390991,0.0,0.13697193562984467,0.0,0.0,0.034859053790569305,0.0,0.0,0.3118820786476135,0.09964378923177719,0.0,0.00271928240545094,0.31462106108665466,0.013940103352069855,0.020750481635332108,0.0,0.10596539825201035,0.002976637799292803,0.0,0.0362950935959816,0.0,0.0,0.1556222289800644,0.0,0.0,0.0,0.12266211211681366,0.05619946867227554,0.0823679119348526,0.0,0.0,0.024278894066810608,0.0,0.0,0.0,0.0,0.03271950036287308,0.0,0.8063507080078125,0.061534781008958817,0.11120321601629257,0.0,0.0,0.0267152339220047,0.058245159685611725,0.07921235263347626,0.175866037607193,0.0240365918725729,0.1644502580165863,0.0004159415257163346,0.005654848180711269,0.14618325233459473,0.0,0.05429316684603691,0.25654736161231995,0.11383519321680069,0.05649755150079727,0.2968704402446747,0.04459960013628006,0.0546969473361969,0.18029716610908508,0.0,0.06926153600215912,0.20486769080162048,0.03995596617460251,0.0,0.0,0.0,0.0,0.007898484356701374,0.0,0.013523688539862633,0.06623754650354385,0.024308133870363235,0.0,0.4460209906101227,0.0,0.008399312384426594,0.17374038696289062,9.422450239071622e-05,0.0,0.08385993540287018,0.08346576988697052,0.0,0.1576257050037384,0.0,0.0,0.002439116593450308
066,0.01971467211842537,0.0,0.20714527368545532,0.0,0.08947232365608215,0.009719976224005222,0.16219885647296906,0.0,0.020527327433228493,0.0830969586968422,0.0,0.23660774528980255,0.03314504399895668,0.054364416748285294,0.005319831892848015,0.12657052278518677,0.09706127643585205,0.1189027801156044,0.320622056722641,0.0,0.19325564801692963,0.0,0.6972086429595947,0.09290757775306702,0.13727088272571564,0.0,0.24717462062835693,0.1358603984117508,0.24240517616271973,0.004320977255702019,0.0,0.3246573507785797,0.40844210982322693,0.12030413001775742,0.0,0.0,1.6173509359359741,0.2623993158340454,0.10064033418893814,0.08525646477937698,1.8373569250106812,0.0,0.1608375906944275,0.0,0.0,0.060556840151548386,0.0,0.0,0.3683171570301056,0.07962074130773544,0.0,0.004556954838335514,0.4431142508983612,0.010722978971898556,0.023118937388062477,0.0,0.11857379227876663,0.0015523150796070695,0.0,0.036335427314043045,0.0,0.0,0.19948820769786835,0.0,0.0,0.0,0.1767326444387436,0.04984062537550926,0.08390303701162338,0.0,0.0,0.019803401082754135,0.0,0.0,0.0,0.0,0.025340057909488678,0.0,1.0820754766464233,0.07225487381219864,0.13220252096652985,0.0,0.0,0.05535242334008217,0.09462199360132217,0.07050865888595581,0.298940509557724,0.03687133267521858,0.1620441973209381,0.00039624350029043853,0.004082314670085907,0.20283837616443634,0.0,0.06752467900514603,0.31993478536605835,0.13745443522930145,0.061085525900125504,0.3286443054676056,0.08056940883398056,0.07701563090085983,0.21998368203639984,0.0,0.07168294489383698,0.20915155112743378,0.024088777601718903,0.0,0.0,0.0,0.0,0.006173235829919577,0.0,0.01715167798101902,0.08079623430967331,0.05159647762775421,0.0,0.5247697830200195,0.0,0.0059061478823423386,0.1935846358537674,0.0,0.0,0.09398926049470901,0.12162566184997559,0.0,0.1984788328409195,0.0,0.0,0.002307844813913107
067,0.0133340610191226,0.0,0.32952240109443665,0.0,0.086453378200531,0.009789020754396915,0.188989520072937,0.0,0.011624235659837723,0.07097470015287399,0.0,0.36935117840766907,0.044473037123680115,0.04071931540966034,0.0026258109137415886,0.11222799867391586,0.10593203455209732,0.16236019134521484,0.28401970863342285,0.0,0.3137378990650177,0.0,0.7479501366615295,0.13324765861034393,0.1419537514448166,0.0,0.2585233747959137,0.11987867206335068,0.2494155615568161,0.0064733377657830715,0.0,0.37520337104797363,0.4407152235507965,0.1322096884250641,0.0,0.0,1.9309800863265991,0.37586817145347595,0.14475931227207184,0.06390975415706635,2.3371737003326416,0.0,0.23995427787303925,0.0,0.0,0.05671972036361694,0.0,0.0,0.44907817244529724,0.11577416211366653,0.0,0.004258577711880207,0.46495452523231506,0.014982585795223713,0.028051963075995445,0.0,0.1325039118528366,0.0013226490700617433,0.0,0.04400312528014183,0.0,0.0,0.16555915772914886,0.0,0.0,0.0,0.18148410320281982,0.09077731519937515,0.12027891725301743,0.0,0.0,0.020652592182159424,0.0,0.0,0.0,0.0,0.023263007402420044,0.0,1.3597584962844849,0.05148443207144737,0.24345265328884125,0.0,0.0,0.05645664408802986,0.10213885456323624,0.09390068054199219,0.2711305320262909,0.04384810850024223,0.2245732992887497,0.0,0.0036996540147811174,0.14295513927936554,0.0,0.06607700884342194,0.32333362102508545,0.19775114953517914,0.1361345797777176,0.43133246898651123,0.07074462622404099,0.056415703147649765,0.25915956497192383,0.0,0.0788961723446846,0.2697243094444275,0.040135350078344345,0.0,0.0,0.0,0.0,0.011021837592124939,0.0,0.014918333850800991,0.12874455749988556,0.01861909218132496,0.0,0.702182948589325,0.0,0.0362866036593914,0.3611029088497162,0.00035585614386945963,0.0,0.11331712454557419,0.2375888079404831,0.0,0.20139090716838837,0.0,0.0,0.003989259246736765
069,0.018214648589491844,0.0,0.20536640286445618,0.0,0.09120365977287292,0.01003351155668497,0.17521530389785767,0.0,0.029184704646468163,0.07602415233850479,0.0,0.2651672959327698,0.037361811846494675,0.054261185228824615,0.003619033843278885,0.10177961736917496,0.09305330365896225,0.1353296935558319,0.32318800687789917,0.0,0.21026210486888885,0.0,0.7608374357223511,0.09736267477273941,0.13966050744056702,0.0,0.27264755964279175,0.13019469380378723,0.2711990773677826,0.005116777028888464,0.0,0.3515637218952179,0.4128854274749756,0.14244693517684937,0.0,0.0,1.7031354904174805,0.2786892056465149,0.11634039878845215,0.08862065523862839,1.9437026977539062,0.0,0.18525318801403046,0.0,0.0,0.04955703765153885,0.0,0.0,0.404674232006073,0.09527074545621872,0.0,0.007564696483314037,0.4374116361141205,0.013275216333568096,0.02578558400273323,0.0,0.12314189970493317,0.003582627745345235,0.0,0.04077679663896561,0.0,0.0,0.19139406085014343,0.0,0.0,0.0,0.19223949313163757,0.0506085567176342,0.09406254440546036,0.0,0.0,0.022941285744309425,0.0,0.0,0.0,0.0,0.03063776157796383,0.0,1.1232508420944214,0.07396238297224045,0.12557542324066162,0.0,0.0,0.03526009991765022,0.08611276000738144,0.08169887214899063,0.2675480246543884,0.044436078518629074,0.15561726689338684,0.00041240191785618663,0.005027220584452152,0.17986959218978882,0.0,0.06305505335330963,0.3586137890815735,0.14698000252246857,0.06044471263885498,0.3480415940284729,0.07105882465839386,0.07960780709981918,0.23120419681072235,0.0,0.06970025599002838,0.2433946132659912,0.03818397596478462,0.0,0.0,0.0,0.0,0.0074560148641467094,0.0,0.014556889422237873,0.0795799046754837,0.041513700038194656,0.0,0.5213909149169922,0.0,0.005049836356192827,0.1880224049091339,0.0001237397373188287,0.0,0.10762020200490952,0.11011636257171631,0.0,0.21391873061656952,0.0,0.0,0.002905682660639286
071,0.010257466696202755,0.0,0.31600600481033325,0.0,0.08894767612218857,0.009780926629900932,0.17186030745506287,0.0,0.0069749681279063225,0.07233281433582306,0.0,0.3568517565727234,0.03567025810480118,0.04004557058215141,0.0029082477558404207,0.12362717092037201,0.09710323065519333,0.1533498913049698,0.2744215130805969,0.0,0.2867349684238434,0.0,0.6944276094436646,0.1289314329624176,0.14027293026447296,0.0,0.25089123845100403,0.11218263953924179,0.23965811729431152,0.0033264285884797573,0.0,0.3504522442817688,0.4184035658836365,0.11100103706121445,0.0,0.0,1.8339849710464478,0.35238879919052124,0.13501417636871338,0.06756465137004852,2.215989112854004,0.0,0.21623539924621582,0.0,0.0,0.05556740239262581,0.0,0.0,0.4186989367008209,0.09376581013202667,0.0,0.004203547723591328,0.4464874863624573,0.016689548268914223,0.027512207627296448,0.0,0.12048210948705673,0.0018487930065020919,0.0,0.04275406524538994,0.0,0.0,0.15774855017662048,0.0,0.0,0.0,0.16541607677936554,0.0935622900724411,0.12102110683917999,0.0,0.0,0.018646467477083206,0.0,0.0,0.0,0.0,0.020988784730434418,0.0,1.292884349822998,0.05386395379900932,0.24392442405223846,0.0,0.0,0.056200575083494186,0.09586683660745621,0.08150116354227066,0.2765953540802002,0.04376388341188431,0.20904643833637238,0.0,0.003327280981466174,0.1464168131351471,0.0,0.06379881501197815,0.30967262387275696,0.18653380870819092,0.1335306018590927,0.41740408539772034,0.06637809425592422,0.048993226140737534,0.23119571805000305,0.0,0.07480324804782867,0.2505066394805908,0.03167448937892914,0.0,0.0,0.0,0.0,0.013488647527992725,0.0,0.017180100083351135,0.12623953819274902,0.022948184981942177,0.0,0.677372395992279,0.0,0.03927332162857056,0.3625868260860443,0.00017705354548525065,0.0,0.09719264507293701,0.23670229315757751,0.0,0.19062699377536774,0.0,0.0,0.003989889286458492
072,0.016496526077389717,0.0,0.26926642656326294,0.0,0.08392778038978577,0.02129492163658142,0.2036871612071991,0.0,0.009978246875107288,0.06503031402826309,0.0,0.3156152665615082,0.0392921045422554,0.07493745535612106,0.0039070225320756435,0.08504046499729156,0.1276630014181137,0.15534010529518127,0.24867112934589386,0.0,0.280098557472229,0.0,0.8001469373703003,0.16638070344924927,0.131527841091156,0.0,0.3258427679538727,0.1326671838760376,0.2842603921890259,0.006091160699725151,0.0,0.39625439047813416,0.39837944507598877,0.13149496912956238,0.0,0.0,1.9101524353027344,0.30593669414520264,0.1384299397468567,0.07195393741130829,2.2757039070129395,0.0,0.20771093666553497,0.0,0.0,0.050137005746364594,0.0,0.0,0.41903072595596313,0.11369451880455017,0.0,0.0038189771585166454,0.4866598844528198,0.01266921404749155,0.05142904818058014,0.0,0.13152238726615906,0.0030619713943451643,0.0,0.041553810238838196,0.0,0.0,0.17190781235694885,0.0,0.0,0.0,0.1683216094970703,0.11404049396514893,0.13935500383377075,0.0,0.0,0.025683963671326637,0.0,0.0,0.0,0.0,0.024558965116739273,2.7003998184227385e-06,1.3148515224456787,0.06716779619455338,0.24291297793388367,0.0,0.0,0.07100245356559753,0.09029722958803177,0.10497245192527771,0.25803977251052856,0.0745733380317688,0.22466686367988586,0.00011634753900580108,0.003251241287216544,0.14966225624084473,0.0,0.08435701578855515,0.339492529630661,0.18057353794574738,0.13877153396606445,0.4350077211856842,0.06364639103412628,0.06991855055093765,0.24394744634628296,0.0,0.13636791706085205,0.27791649103164673,0.026076260954141617,0.0,0.0,0.0,0.0,0.015000300481915474,0.0,0.01654093712568283,0.11161543428897858,0.028118113055825233,0.0,0.6649048328399658,0.0,0.0606059692800045,0.31452375650405884,0.000156574446009472,0.0,0.0964135229587555,0.1847785860300064,0.00015105499187484384,0.20273438096046448,0.0,0.0,0.00428176112473011
073,0.028109243139624596,0.0,0.22761276364326477,0.0,0.07471437752246857,0.01052306778728962,0.1619398593902588,0.0,0.007547231391072273,0.04787522554397583,0.0,0.2492152899503708,0.028524070978164673,0.04341277852654457,0.0044931937009096146,0.20436690747737885,0.10722266882658005,0.09536230564117432,0.24765151739120483,0.0,0.18754959106445312,0.0,0.6138173937797546,0.09440752118825912,0.10718784481287003,0.0,0.18894441425800323,0.12473919987678528,0.1738559454679489,0.0014665217604488134,0.0,0.30889463424682617,0.3514541685581207,0.09967866539955139,0.0,0.0,1.485782504081726,0.24209462106227875,0.07976897805929184,0.06515295058488846,1.764127254486084,0.0,0.10074961930513382,0.0,0.0,0.04818645119667053,0.0,0.0,0.31121841073036194,0.06486104428768158,0.0,0.0028696057852357626,0.46776866912841797,0.00981464609503746,0.030901260673999786,0.0,0.10598791390657425,0.002836658852174878,0.0,0.03798842802643776,0.0,0.0,0.15194469690322876,0.0,0.0,0.0,0.13626594841480255,0.05205585062503815,0.06296424567699432,0.0,0.0,0.018035270273685455,0.0,0.0,0.0,0.0,0.022771652787923813,0.0,1.0105514526367188,0.02666979469358921,0.14815574884414673,0.0,0.0,0.016934268176555634,0.10630491375923157,0.05372290313243866,0.33679959177970886,0.03767118602991104,0.15620262920856476,0.00038203102303668857,0.00292066833935678,0.2634422481060028,0.0,0.05252016708254814,0.2865450978279114,0.11403997987508774,0.07617153227329254,0.3143233060836792,0.07696695625782013,0.0615701824426651,0.16887395083904266,0.0,0.0683189332485199,0.1508447229862213,0.014092253521084785,0.0,0.0,0.0,0.0,0.009263631887733936,0.0,0.02320072241127491,0.08982400596141815,0.06766792386770248,0.0,0.5474753975868225,0.0,0.03389759734272957,0.2222752571105957,0.0,0.0,0.067048579454422,0.17242605984210968,0.0,0.15426084399223328,0.0,0.0,0.0014420971274375916
074,0.01203179731965065,0.0,0.3022858202457428,0.0,0.08883613348007202,0.012177607975900173,0.17675350606441498,0.0,0.008057374507188797,0.06747529655694962,0.0,0.3473470211029053,0.04055088013410568,0.05326474830508232,0.0032829735428094864,0.10639012604951859,0.10856956243515015,0.15436843037605286,0.2676619291305542,0.0,0.28941771388053894,0.0,0.7293739318847656,0.14433084428310394,0.14078009128570557,0.0,0.2841669023036957,0.11627265065908432,0.25099489092826843,0.00507971690967679,0.0,0.36653685569763184,0.4241228401660919,0.1354328840970993,0.0,0.0,1.878379464149475,0.350210577249527,0.13434378802776337,0.06542479991912842,2.270829439163208,0.0,0.21411198377609253,0.0,0.0,0.053359270095825195,0.0,0.0,0.4371607303619385,0.1092192530632019,0.0,0.004526008386164904,0.4511662721633911,0.015818895772099495,0.03836497664451599,0.0,0.12279340624809265,0.003711101831868291,0.0,0.04520716145634651,0.0,0.0,0.15452200174331665,0.0,0.0,0.0,0.16380980610847473,0.1052936390042305,0.1287321299314499,0.0,0.0,0.02039165236055851,0.0,0.0,0.0,0.0,0.023430058732628822,0.0,1.3216567039489746,0.06162683293223381,0.24150077998638153,0.0,0.0,0.06245085224509239,0.09504974633455276,0.0967598631978035,0.2739761769771576,0.054223183542490005,0.2093021720647812,1.2280310329515487e-05,0.004778051283210516,0.14297081530094147,0.0,0.06632185727357864,0.3136744499206543,0.1849782019853592,0.13316349685192108,0.4228651225566864,0.061078786849975586,0.05668407306075096,0.24162065982818604,0.0,0.08616060763597488,0.25945591926574707,0.03512333333492279,0.0,0.0,0.0,0.0,0.014479785226285458,0.0,0.016105646267533302,0.1198606789112091,0.024563545361161232,0.0,0.6671072840690613,0.0,0.04251466691493988,0.34098854660987854,0.00013564217078965157,0.0,0.10118754953145981,0.21396391093730927,9.035764378495514e-05,0.19352304935455322,0.0,0.0,0.005320608615875244
076,0.018213745206594467,0.0,0.305607408285141,0.0,0.08847375214099884,0.012865753844380379,0.1922743320465088,0.0,0.01821829192340374,0.06770040839910507,0.0,0.3582327365875244,0.046053651720285416,0.056313760578632355,0.00306248408742249,0.0995950698852539,0.11631513386964798,0.1699681431055069,0.28486135601997375,0.0,0.31607767939567566,0.0,0.8049015998840332,0.14885084331035614,0.14385327696800232,0.0,0.29598864912986755,0.12352512776851654,0.2657465636730194,0.005516230594366789,0.0,0.3912713825702667,0.4639227092266083,0.16089794039726257,0.0,0.0,2.00317645072937,0.3731204569339752,0.13869401812553406,0.06625700742006302,2.4077048301696777,0.0,0.24335432052612305,0.0,0.0,0.053961969912052155,0.0,0.0,0.47814300656318665,0.1276393085718155,0.0,0.00869645643979311,0.4831538796424866,0.014701878651976585,0.035105980932712555,0.0,0.1350821554660797,0.0022846944630146027,0.0,0.04347201809287071,0.0,0.0,0.17089326679706573,0.0,0.0,0.0,0.19248631596565247,0.09936556965112686,0.12839050590991974,0.0,0.0,0.02173653431236744,0.0,0.0,0.0,0.0,0.024122800678014755,0.0,1.4014443159103394,0.05990440398454666,0.23179510235786438,0.0,0.0,0.05980581045150757,0.10677378624677658,0.10453291237354279,0.27990660071372986,0.05613063648343086,0.2132270485162735,6.439223943743855e-05,0.004139899276196957,0.14829961955547333,0.0,0.07181799411773682,0.34047332406044006,0.19491854310035706,0.12924514710903168,0.4328986704349518,0.07090981304645538,0.06449196487665176,0.26519373059272766,0.0,0.09216292202472687,0.28019359707832336,0.04033483937382698,0.0,0.0,0.0,0.0,0.00879727490246296,0.0,0.012734226882457733,0.11805654317140579,0.025308113545179367,0.0,0.6812306642532349,0.0,0.0374382808804512,0.3342154920101166,0.0003383406437933445,0.0,0.11763526499271393,0.2067597657442093,0.00011232307588215917,0.21095982193946838,0.0,0.0,0.0038920517545193434
077,0.014128021895885468,0.0,0.19455182552337646,0.0,0.091047503054142,0.019733188673853874,0.14258791506290436,0.0,0.00850174855440855,0.06996146589517593,0.0,0.23120345175266266,0.03504740819334984,0.04900215566158295,0.0050614685751497746,0.08595051616430283,0.07423502951860428,0.13398770987987518,0.2837570905685425,0.0,0.1692984253168106,0.0,0.6865982413291931,0.10871277004480362,0.11436285823583603,0.0,0.29934579133987427,0.11097946763038635,0.2628343105316162,0.0055656940676271915,0.0,0.28445717692375183,0.27716925740242004,0.09712332487106323,0.0,0.0,1.4729719161987305,0.20314240455627441,0.12686678767204285,0.08206335455179214,1.6231679916381836,0.0,0.15431885421276093,0.0,0.0,0.042731981724500656,0.0,0.0,0.31700965762138367,0.089710533618927,0.0,0.002302766079083085,0.3736995756626129,0.010538042522966862,0.02493240498006344,0.0,0.12178289145231247,0.0021701010409742594,0.0,0.03724661096930504,0.0,0.0,0.174251988530159,0.0,0.0,0.0,0.13207776844501495,0.06931503862142563,0.10200924426317215,0.0,0.0,0.02292943000793457,0.0,0.0,0.0,0.0,0.02440727688372135,0.0,0.9486258625984192,0.0724194198846817,0.137348473072052,0.0,0.0,0.03730187565088272,0.06371062248945236,0.08416882157325745,0.212857186794281,0.03994302451610565,0.17780672013759613,0.00045562544255517423,0.003070765407755971,0.16266575455665588,0.0,0.06461091339588165,0.27796876430511475,0.11663667112588882,0.07818647474050522,0.3314817249774933,0.04953873157501221,0.05102205276489258,0.18837173283100128,0.0,0.09692955762147903,0.21760565042495728,0.03365643694996834,0.0,0.0,0.0,0.0,0.01249462366104126,0.0,0.011482913047075272,0.07765469700098038,0.02953317202627659,0.0,0.5067026019096375,0.0,0.01210868265479803,0.20119638741016388,0.00023902182874735445,0.0,0.0944226086139679,0.10416813939809799,5.008387961424887e-05,0.17143990099430084,0.0,0.0,0.002429009648039937
078,0.014752337709069252,0.0,0.21373052895069122,0.0,0.0898795872926712,0.007381747476756573,0.19761253893375397,0.0,0.007166736759245396,0.08235965669155121,0.0,0.25949835777282715,0.02636527642607689,0.061772022396326065,0.005433485843241215,0.1289142668247223,0.1044905036687851,0.11995552480220795,0.3053775131702423,0.0,0.20327556133270264,0.0,0.6753754019737244,0.08749229460954666,0.13435998558998108,0.0,0.23823504149913788,0.14166052639484406,0.23695233464241028,0.003842973383143544,0.0,0.3491945266723633,0.4603065550327301,0.11626046150922775,0.0,0.0,1.635135293006897,0.2875552773475647,0.09730031341314316,0.09461002796888351,1.9264278411865234,0.0,0.1559501737356186,0.0,0.0,0.0598561093211174,0.0,0.0,0.3758634030818939,0.05711856856942177,0.0,0.0021023694425821304,0.47611114382743835,0.011711974628269672,0.02338503487408161,0.0,0.11385258287191391,0.001776978955604136,0.0,0.03784257546067238,0.0,0.0,0.19943472743034363,0.0,0.0,0.0,0.1945038139820099,0.04599446803331375,0.08622065931558609,0.0,0.0,0.019250165671110153,0.0,0.0,0.0,0.0,0.02756338380277157,0.0,1.0987975597381592,0.0721203163266182,0.1410984843969345,0.0,0.0,0.0561085045337677,0.08261505514383316,0.06160290911793709,0.3311919569969177,0.044763363897800446,0.16538642346858978,0.00033199606696143746,0.004130041692405939,0.19850961863994598,0.0,0.06618233770132065,0.34844398498535156,0.15653017163276672,0.06402694433927536,0.353708416223526,0.0854288712143898,0.101101353764534,0.21374419331550598,0.0,0.07771772146224976,0.2222762554883957,0.02187955006957054,0.0,0.0,0.0,0.0,0.005491188727319241,0.0,0.031569045037031174,0.08474047482013702,0.06643231213092804,0.0,0.5557138323783875,0.0,0.007631298620253801,0.22640864551067352,0.0,0.0,0.08732511103153229,0.14364910125732422,0.0,0.2132885754108429,0.0,0.0,0.001536736497655511
080,0.024901311844587326,0.0,0.20367880165576935,0.0,0.0844571441411972,0.008779854513704777,0.1687859147787094,0.0,0.023997651413083076,0.07468005269765854,0.0,0.22737137973308563,0.03257819637656212,0.0507160946726799,0.00741648068651557,0.1351463347673416,0.09956050664186478,0.10542777925729752,0.32184308767318726,0.0,0.20932428538799286,0.0,0.6798710823059082,0.08485142886638641,0.13919603824615479,0.0,0.21607212722301483,0.14366434514522552,0.21602937579154968,0.004632591735571623,0.0,0.31187891960144043,0.4250609874725342,0.12107888609170914,0.0,0.0,1.592295527458191,0.2789270281791687,0.1057879775762558,0.08995024859905243,1.8364657163619995,0.0,0.14987020194530487,0.0,0.0,0.0581638403236866,0.0,0.0,0.3804798126220703,0.07689402997493744,0.0,0.006310636643320322,0.45290622115135193,0.011514200828969479,0.016601117327809334,0.0,0.12112327665090561,0.002989444648846984,0.0,0.03629634156823158,0.0,0.0,0.2029028683900833,0.0,0.0,0.0,0.18346843123435974,0.04365403577685356,0.07398055493831635,0.0,0.0,0.016689015552401543,0.0,0.0,0.0,0.0,0.031252000480890274,0.0,1.0709530115127563,0.06508778035640717,0.1387651115655899,0.0,0.0,0.05075724795460701,0.10131382942199707,0.06698089092969894,0.3146277964115143,0.03690435364842415,0.1620316356420517,0.000514157407451421,0.004062468186020851,0.21779894828796387,0.0,0.06922928988933563,0.31482377648353577,0.1412561535835266,0.06461445987224579,0.32858821749687195,0.09346479177474976,0.0762963742017746,0.2119007557630539,0.0,0.07795576006174088,0.19810530543327332,0.02091457135975361,0.0,0.0,0.0,0.0,0.0062339273281395435,0.0,0.01661883480846882,0.07798980176448822,0.05408940836787224,0.0,0.5260646343231201,0.0,0.0078123100101947784,0.20257142186164856,0.0,0.0,0.09625975042581558,0.13115891814231873,4.198027909296798e-06,0.2027929127216339,0.0,0.0,0.0029542020056396723
081,0.017688104882836342,0.0,0.2990237772464752,0.0,0.08394214510917664,0.012691035866737366,0.20133990049362183,0.0,0.0159821305423975,0.06305011361837387,0.0,0.3584102392196655,0.05243701860308647,0.05693584680557251,0.002422531135380268,0.08899643272161484,0.12194684147834778,0.166489377617836,0.26573947072029114,0.0,0.3316603899002075,0.0,0.811887264251709,0.15885744988918304,0.14158084988594055,0.0,0.30389025807380676,0.1256941556930542,0.2612574100494385,0.007862015627324581,0.0,0.39423608779907227,0.455108642578125,0.16101987659931183,0.0,0.0,2.0120773315429688,0.3761710226535797,0.134573832154274,0.061370957642793655,2.4052295684814453,0.0,0.2483007311820984,0.0,0.0,0.05534323677420616,0.0,0.0,0.4728921949863434,0.14668019115924835,0.0,0.007639084476977587,0.4821881949901581,0.01566283032298088,0.0403338186442852,0.0,0.14059175550937653,0.0020017388742417097,0.0,0.039332784712314606,0.0,0.0,0.16189007461071014,0.0,0.0,0.0,0.18170970678329468,0.10403916984796524,0.13069546222686768,0.0,0.0,0.02047211118042469,0.0,0.0,0.0,0.0,0.025237729772925377,0.0,1.393818736076355,0.05508620664477348,0.23512016236782074,0.0,0.0,0.05826831981539726,0.10442402213811874,0.11226660758256912,0.26348182559013367,0.05990858003497124,0.2303585261106491,0.00013614169438369572,0.004552650265395641,0.13586534559726715,0.0,0.07063441723585129,0.3256478011608124,0.19739019870758057,0.13659192621707916,0.42959854006767273,0.0685940757393837,0.06993034482002258,0.2739245593547821,0.0,0.09999149292707443,0.28404751420021057,0.04272805526852608,0.0,0.0,0.0,0.0,0.009995812550187111,0.0,0.012546316720545292,0.11602816730737686,0.021134452894330025,0.0,0.6825382709503174,0.0,0.04475840926170349,0.3384611904621124,5.488536771736108e-05,0.0,0.11652588099241257,0.20646901428699493,0.0001296606642426923,0.21049197018146515,0.0,1.0916498467850033e-05,0.005500806495547295
082,0.008041204884648323,0.0,0.2646242678165436,0.0,0.08914326131343842,0.017758099362254143,0.18135502934455872,0.0,0.007705100812017918,0.07652492821216583,0.0,0.30653253197669983,0.04032314196228981,0.07373514026403427,0.004109961912035942,0.08631857484579086,0.12391141057014465,0.1554907113313675,0.23587355017662048,0.0,0.27823561429977417,0.0,0.748093843460083,0.15869629383087158,0.13410508632659912,0.0,0.31988200545310974,0.12499906122684479,0.25630316138267517,0.005308824125677347,0.0,0.3620143532752991,0.39157167077064514,0.13716691732406616,0.0,0.0,1.8108289241790771,0.3070203363895416,0.11950717866420746,0.07336463779211044,2.165937900543213,0.0,0.20032474398612976,0.0,0.0,0.049217816442251205,0.0,0.0,0.42450663447380066,0.12367603927850723,0.0,0.0027092858217656612,0.4544290602207184,0.01481784600764513,0.04991232976317406,0.0,0.12566040456295013,0.001248199725523591,0.0,0.03626077622175217,0.0,0.0,0.15301291644573212,0.0,0.0,0.0,0.1629950851202011,0.12238505482673645,0.14650073647499084,0.0,0.0,0.019181961193680763,0.0,0.0,0.0,0.0,0.020789219066500664,0.0,1.246176838874817,0.07091301679611206,0.24011245369911194,0.0,0.0,0.07048636674880981,0.0918569415807724,0.11399215459823608,0.25149333477020264,0.06550969928503036,0.219861701130867,0.00014719511091243476,0.003909257240593433,0.13926565647125244,0.0,0.07408420741558075,0.2959275543689728,0.17636381089687347,0.13971780240535736,0.41318613290786743,0.060489945113658905,0.06972237676382065,0.2290630340576172,0.0,0.10734961926937103,0.2571322023868561,0.03063712641596794,0.0,0.0,0.0,0.0,0.015163963660597801,0.0,0.014159963466227055,0.1037292629480362,0.026014747098088264,0.0,0.6422746181488037,0.0,0.06488556414842606,0.3188709020614624,0.00022339285351336002,0.0,0.08953675627708435,0.18965402245521545,0.00028492711135186255,0.19954651594161987,0.0,0.0,0.003996639512479305
085,0.008557404391467571,0.0,0.19480721652507782,0.0,0.09716765582561493,0.017319587990641594,0.14485660195350647,0.0,0.011459664441645145,0.07402069866657257,0.0,0.25243398547172546,0.04230373352766037,0.04532194137573242,0.0044540041126310825,0.1051473394036293,0.0726960077881813,0.14137127995491028,0.30769380927085876,0.0,0.1721991002559662,0.0,0.7275928258895874,0.09506221115589142,0.12859901785850525,0.0,0.30032405257225037,0.11232917010784149,0.284151166677475,0.004907524213194847,0.0,0.32145771384239197,0.29566991329193115,0.11950256675481796,0.0,0.0,1.5924017429351807,0.21008050441741943,0.11453662812709808,0.0777880921959877,1.7402572631835938,0.0,0.16235630214214325,0.0,0.0,0.04513709992170334,0.0,0.0,0.34802934527397156,0.10049472004175186,0.0,0.0042422376573085785,0.39802268147468567,0.013495707884430885,0.031566474586725235,0.0,0.11919005960226059,0.0018621027702465653,0.0,0.04268493130803108,0.0,0.0,0.18430253863334656,0.0,0.0,0.0,0.13617905974388123,0.07036282122135162,0.10816393792629242,0.0,0.0,0.02917315997183323,0.0,0.0,0.0,0.0,0.02967226132750511,0.0,1.0081437826156616,0.08047771453857422,0.14913013577461243,0.0,0.0,0.03699929267168045,0.0657668337225914,0.07578367739915848,0.2186528444290161,0.028491443023085594,0.17527906596660614,0.00041735341073945165,0.0033875249791890383,0.16775399446487427,0.0,0.06372730433940887,0.3114541172981262,0.1280505657196045,0.0613272562623024,0.34844809770584106,0.0600622296333313,0.05544096231460571,0.20245404541492462,0.0,0.0696859136223793,0.23378606140613556,0.038441769778728485,0.0,0.0,0.0,0.0,0.009224970825016499,0.0,0.012852488085627556,0.07331118732690811,0.029304808005690575,0.0,0.5254599452018738,0.0,0.011607558466494083,0.21633052825927734,0.00015944884216878563,0.0,0.08721183240413666,0.10732462257146835,0.0,0.1793367862701416,0.0,0.0,0.002098151482641697
086,0.007630735170096159,0.0,0.21094469726085663,0.0,0.08145344257354736,0.01571234129369259,0.14109653234481812,0.0,0.007667734287679195,0.05324326455593109,0.0,0.23852598667144775,0.04041123762726784,0.050540491938591,0.005035399459302425,0.08044394850730896,0.07695643603801727,0.132370725274086,0.2526874840259552,0.0,0.21306876838207245,0.0,0.6559442281723022,0.11122690886259079,0.11170081794261932,0.0,0.30705317854881287,0.10219135880470276,0.2551639974117279,0.007770639378577471,0.0,0.2882691025733948,0.2783379554748535,0.1288129687309265,0.0,0.0,1.4599342346191406,0.22443045675754547,0.12692740559577942,0.07315780967473984,1.6757488250732422,0.0,0.1570683717727661,0.0,0.0,0.04008345305919647,0.0,0.0,0.3562677502632141,0.11816824972629547,0.0,0.0020466067362576723,0.3456253409385681,0.014977442100644112,0.024027209728956223,0.0,0.11474741250276566,0.0033569459337741137,0.0,0.038138169795274734,0.0,0.0,0.14869268238544464,0.0,0.0,0.0,0.1258186399936676,0.08319319039583206,0.10901924222707748,0.0,0.0,0.023871388286352158,0.0,0.0,0.0,0.0,0.02415875904262066,0.00015883715241216123,0.943914532661438,0.06325060874223709,0.16206102073192596,0.0,0.0,0.03648211807012558,0.0571691170334816,0.1006912887096405,0.18103133141994476,0.03848684951663017,0.19481872022151947,0.0002772204752545804,0.006345189176499844,0.1307682991027832,0.0,0.05560683459043503,0.25872376561164856,0.13113991916179657,0.09382054954767227,0.3355621099472046,0.049116555601358414,0.05219217762351036,0.1968270093202591,0.0,0.08841392397880554,0.21653206646442413,0.042605239897966385,0.0,0.0,0.0,0.0,0.009932436048984528,0.0,0.012462183833122253,0.08117865025997162,0.017706988379359245,0.0,0.5147020816802979,0.0,0.026136446744203568,0.23746585845947266,0.0002965818566735834,0.0,0.09631235152482986,0.12986624240875244,5.2181712817400694e-05,0.17142821848392487,0.0,0.0,0.002764045028015971
087,0.010064510628581047,0.0,0.2987453043460846,0.0,0.0881563350558281,0.014658462256193161,0.21119242906570435,0.0,0.010373104363679886,0.07134851068258286,0.0,0.33671537041664124,0.036803748458623886,0.060510504990816116,0.003732646582648158,0.1198536828160286,0.12165570259094238,0.1544295996427536,0.28145667910575867,0.0,0.2861931622028351,0.0,0.8161283135414124,0.16074563562870026,0.14057493209838867,0.0,0.32387062907218933,0.13010534644126892,0.2857895791530609,0.005372935440391302,0.0,0.4377244710922241,0.42839062213897705,0.1258629858493805,0.0,0.0,2.036590576171875,0.31783178448677063,0.13429318368434906,0.07521709054708481,2.4342405796051025,0.0,0.2191404551267624,0.0,0.0,0.059063494205474854,0.0,0.0,0.4385267496109009,0.1090514063835144,0.0,0.003402202157303691,0.526211678981781,0.016083134338259697,0.05638757348060608,0.0,0.12806692719459534,0.0017576726386323571,0.0,0.04320034757256508,0.0,0.0,0.18975935876369476,0.0,0.0,0.0,0.17972500622272491,0.11865309625864029,0.1469600945711136,0.0,0.0,0.029072685167193413,0.0,0.0,0.0,0.0,0.026051493361592293,5.068007158115506e-05,1.4183956384658813,0.06787887960672379,0.2504906952381134,0.0,0.0,0.07344330102205276,0.0916188433766365,0.1027493104338646,0.2839186489582062,0.07136612385511398,0.23679716885089874,0.0,0.0025647992733865976,0.1679643988609314,0.0,0.08494820445775986,0.3830637037754059,0.19561904668807983,0.12773363292217255,0.46690741181373596,0.06763807684183121,0.07021991908550262,0.24775250256061554,0.0,0.12490445375442505,0.2868673801422119,0.02825336344540119,0.0,0.0,0.0,0.0,0.014984279870986938,0.0,0.017498577013611794,0.12784011662006378,0.02593330107629299,0.0,0.710433304309845,0.0,0.05446101352572441,0.34149590134620667,8.392155723413453e-05,0.0,0.09056583791971207,0.20900601148605347,3.089256279054098e-05,0.21237915754318237,0.0,0.0,0.004602118860930204
088,0.021073700860142708,0.0,0.22601675987243652,0.0,0.07972067594528198,0.008731916546821594,0.17556214332580566,0.0,0.016714800149202347,0.055411700159311295,0.0,0.2611071467399597,0.030980367213487625,0.050624530762434006,0.004370235372334719,0.16431772708892822,0.11276011914014816,0.09831869602203369,0.2947998046875,0.0,0.21415697038173676,0.0,0.6778027415275574,0.08720702677965164,0.13095727562904358,0.0,0.1944156140089035,0.13410812616348267,0.17573142051696777,0.0036020311526954174,0.0,0.3164236843585968,0.45205816626548767,0.12669645249843597,0.0,0.0,1.6592845916748047,0.294630229473114,0.09946687519550323,0.08209387212991714,1.9817055463790894,0.0,0.14138154685497284,0.0,0.0,0.05425214022397995,0.0,0.0,0.39184051752090454,0.06330452859401703,0.0,0.005077064502984285,0.5059701204299927,0.011891248635947704,0.024788010865449905,0.0,0.12174048274755478,0.0019318668637424707,0.0,0.037793755531311035,0.0,0.0,0.18778784573078156,0.0,0.0,0.0,0.18645937740802765,0.045361895114183426,0.06239387020468712,0.0,0.0,0.01756945811212063,0.0,0.0,0.0,0.0,0.024586865678429604,0.0,1.1436195373535156,0.04606566205620766,0.15039990842342377,0.0,0.0,0.02111758664250374,0.1128522977232933,0.06141393631696701,0.3419288992881775,0.04245353490114212,0.16594770550727844,0.0002629097434692085,0.003715844126418233,0.23708204925060272,0.0,0.058201711624860764,0.3299303650856018,0.14844036102294922,0.0719890221953392,0.3444676101207733,0.09189825505018234,0.08738772571086884,0.19930465519428253,0.0,0.0724882036447525,0.18855945765972137,0.018440408632159233,0.0,0.0,0.0,0.0,0.005982712842524052,0.0,0.023830832913517952,0.08804284036159515,0.06862575560808182,0.0,0.5693750977516174,0.0,0.022073671221733093,0.2276579588651657,0.0,0.0,0.08392973244190216,0.16230258345603943,2.5083593300223583e-06,0.19700124859809875,0.0,0.0,0.0020441729575395584
090,0.008185374550521374,0.0,0.16897785663604736,0.0,0.07918992638587952,0.014303326606750488,0.11867726594209671,0.0,0.005741513799875975,0.048143453896045685,0.0,0.205254927277565,0.03945127874612808,0.03306318446993828,0.005211219657212496,0.07727270573377609,0.060955263674259186,0.12738603353500366,0.27190446853637695,0.0,0.14719465374946594,0.0,0.5905583500862122,0.08956480026245117,0.10199081897735596,0.0,0.29848936200141907,0.1015792191028595,0.23888956010341644,0.005659579765051603,0.0,0.24136579036712646,0.212803915143013,0.11563193798065186,0.0,0.0,1.2664127349853516,0.17510926723480225,0.1259084790945053,0.07773704826831818,1.3756451606750488,0.0,0.12500570714473724,0.0,0.0,0.030409563332796097,0.0,0.0,0.3146223723888397,0.1119336485862732,0.0,0.0009921763557940722,0.2861523926258087,0.012859872542321682,0.018396398052573204,0.0,0.11724166572093964,0.0022208052687346935,0.0,0.0389893464744091,0.0,0.0,0.15493561327457428,0.0,0.0,0.0,0.09444186091423035,0.05957726389169693,0.09111993759870529,0.0,0.0,0.021802743896842003,0.0,0.0,0.0,0.0,0.029871461912989616,1.018996954371687e-06,0.784598708152771,0.06670334935188293,0.113968625664711,0.0,0.0,0.01624154858291149,0.04042372480034828,0.09122193604707718,0.16481700539588928,0.023902973160147667,0.17314894497394562,0.0004956316552124918,0.00729719502851367,0.14075645804405212,0.0,0.04920550063252449,0.22941073775291443,0.10847368836402893,0.05820689722895622,0.2935798168182373,0.037183694541454315,0.037911687046289444,0.18708832561969757,0.0,0.0740361362695694,0.20161662995815277,0.04720909893512726,0.0,0.0,0.0,0.0,0.009396255016326904,0.0,0.007532802876085043,0.07246284931898117,0.018786422908306122,0.0,0.44172602891921997,0.0,0.0060356976464390755,0.16920359432697296,0.00030301293008960783,0.0,0.08857929706573486,0.0776803269982338,0.0,0.14880092442035675,0.0,0.0,0.0029080803506076336
091,0.014031592756509781,0.0,0.17043346166610718,0.0,0.08014165610074997,0.013492856174707413,0.14040985703468323,0.0,0.008674290962517262,0.06157146766781807,0.0,0.21750551462173462,0.035489823669195175,0.043815817683935165,0.004571916069835424,0.06861990690231323,0.07235483825206757,0.122670978307724,0.2621401846408844,0.0,0.16225850582122803,0.0,0.6043168902397156,0.08834270387887955,0.10745248198509216,0.0,0.2664613723754883,0.12171951681375504,0.23679596185684204,0.0062180315144360065,0.0,0.2690701186656952,0.2552531659603119,0.10040560364723206,0.0,0.0,1.2974673509597778,0.19060344994068146,0.1126977875828743,0.07666084170341492,1.4316350221633911,0.0,0.14334554970264435,0.0,0.0,0.03787645325064659,0.0,0.0,0.30546635389328003,0.10379809141159058,0.0,0.0043165977112948895,0.31796857714653015,0.015257850289344788,0.023694656789302826,0.0,0.10520121455192566,0.0025911012198776007,0.0,0.03427686169743538,0.0,0.0,0.15150697529315948,0.0,0.0,0.0,0.12666864693164825,0.06223100796341896,0.09588444977998734,0.0,0.0,0.021015526726841927,0.0,0.0,0.0,0.0,0.03436598554253578,1.571288339619059e-05,0.8028959631919861,0.06495628505945206,0.11845236271619797,0.0,0.0,0.028828857466578484,0.05887463688850403,0.0812685415148735,0.18295146524906158,0.028193576261401176,0.17089594900608063,0.0003358492103870958,0.006287882104516029,0.1442413479089737,0.0,0.055298950523138046,0.25700312852859497,0.12380001693964005,0.06313902884721756,0.31056126952171326,0.05004733428359032,0.0574180893599987,0.17337919771671295,0.0,0.07824236154556274,0.21083424985408783,0.037985775619745255,0.0,0.0,0.0,0.0,0.012186598964035511,0.0,0.014403626322746277,0.0758015587925911,0.025317752733826637,0.0,0.4636880159378052,0.0,0.011644180864095688,0.19686748087406158,0.00015438180707860738,0.0,0.09163898974657059,0.09045920521020889,0.0,0.16200725734233856,0.0,0.0,0.0032208214979618788
092,0.008829244412481785,0.0,0.2492305189371109,0.0,0.09015657752752304,0.012093354016542435,0.15491659939289093,0.0,0.005666790995746851,0.06988606601953506,0.0,0.2938183844089508,0.03250404819846153,0.05776430666446686,0.0034214721526950598,0.08925341814756393,0.10281720757484436,0.14630083739757538,0.25024890899658203,0.0,0.23415501415729523,0.0,0.7030362486839294,0.13717161118984222,0.13327735662460327,0.0,0.32170215249061584,0.11132952570915222,0.24994759261608124,0.004299614112824202,0.0,0.3324630856513977,0.3526589572429657,0.12993957102298737,0.0,0.0,1.6991926431655884,0.27975812554359436,0.1213897243142128,0.07334760576486588,1.992292046546936,0.0,0.18464654684066772,0.0,0.0,0.05413532257080078,0.0,0.0,0.39807558059692383,0.10673507302999496,0.0,0.003885117592290044,0.41413602232933044,0.015277151018381119,0.05311787500977516,0.0,0.1096963882446289,0.0021975862327963114,0.0,0.04167136549949646,0.0,0.0,0.14938051998615265,0.0,0.0,0.0,0.14338792860507965,0.11385498195886612,0.1378261297941208,0.0,0.0,0.019393498077988625,0.0,0.0,0.0,0.0,0.02412041462957859,0.0,1.1548420190811157,0.07372964918613434,0.20738379657268524,0.0,0.0,0.06104082986712456,0.07968267053365707,0.09698686748743057,0.24142949283123016,0.04854923114180565,0.18925178050994873,0.0001622896670596674,0.0039018287789076567,0.140604630112648,0.0,0.06034495308995247,0.28607091307640076,0.15762551128864288,0.10822882503271103,0.38299360871315,0.056688856333494186,0.0566633976995945,0.20782159268856049,0.0,0.08713976293802261,0.23958051204681396,0.03353232890367508,0.0,0.0,0.0,0.0,0.014593319036066532,0.0,0.017291387543082237,0.10216074436903,0.0284213125705719,0.0,0.5975753664970398,0.0,0.0423835813999176,0.29658523201942444,0.000143765180837363,0.0,0.08972836285829544,0.15987782180309296,7.667281170142815e-05,0.17956489324569702,0.0,0.0,0.0033777616918087006
093,0.014619022607803345,0.0,0.22040830552577972,0.0,0.09866326302289963,0.021645931527018547,0.16673995554447174,0.0,0.008267266675829887,0.08912695944309235,0.0,0.25852611660957336,0.04669605568051338,0.03366532921791077,0.006795307155698538,0.14689472317695618,0.07567423582077026,0.14241212606430054,0.3391639292240143,0.0,0.18920443952083588,0.0,0.7827849388122559,0.10925162583589554,0.14258529245853424,0.0,0.3127131164073944,0.13334645330905914,0.33528050780296326,0.006111074239015579,0.0,0.3837931156158447,0.3183915615081787,0.09707474708557129,0.0,0.0,1.7369635105133057,0.21303080022335052,0.12119754403829575,0.08938975632190704,1.9049900770187378,0.0,0.1679917424917221,0.0,0.0,0.06055659055709839,0.0,0.0,0.34465599060058594,0.09443914890289307,0.0,0.002181332791224122,0.4449130594730377,0.013305152766406536,0.022389283403754234,0.0,0.13512969017028809,0.0027448046021163464,0.0,0.039658065885305405,0.0,0.0,0.22424422204494476,0.0,0.0,0.0,0.15308813750743866,0.062440093606710434,0.11558286100625992,0.0,0.0,0.03355218470096588,0.0,0.0,0.0,0.0,0.02890843152999878,0.0,1.1232616901397705,0.08862770348787308,0.18187375366687775,0.0,0.0,0.05339694023132324,0.06486977636814117,0.06804923713207245,0.2616288363933563,0.04534144327044487,0.21322254836559296,0.0005801486549898982,0.003410693258047104,0.21486146748065948,0.0,0.07441026717424393,0.3765330910682678,0.138768270611763,0.07660893350839615,0.3856852352619171,0.06940413266420364,0.05452637001872063,0.2264239490032196,0.0,0.10140066593885422,0.26838788390159607,0.04088364914059639,0.0,0.0,0.0,0.0,0.012385602109134197,0.0,0.015821825712919235,0.08593092858791351,0.03096075914800167,0.0,0.5850429534912109,0.0,0.011537523940205574,0.2462300956249237,7.294852548511699e-05,0.0,0.0977512001991272,0.13721203804016113,8.534748303645756e-06,0.20746633410453796,0.0,0.0,0.003256929339841008
094,0.006837406661361456,0.0,0.2772640585899353,0.0,0.09343306720256805,0.015985094010829926,0.1591992825269699,0.0,0.004490716382861137,0.07043606787919998,0.0,0.3128165900707245,0.03836195170879364,0.06733448803424835,0.0032557547092437744,0.09406466037034988,0.11033421754837036,0.1594192236661911,0.24750792980194092,0.0,0.26523303985595703,0.0,0.726477324962616,0.16121932864189148,0.13931575417518616,0.0,0.33973315358161926,0.10710366815328598,0.2608727514743805,0.005025203805416822,0.0,0.3448126018047333,0.3694423735141754,0.1454293429851532,0.0,0.0,1.7856823205947876,0.3098064064979553,0.13346241414546967,0.07611756026744843,2.127424716949463,0.0,0.19761863350868225,0.0,0.0,0.0520159974694252,0.0,0.0,0.4335833489894867,0.12060068547725677,0.0,0.0034595609176903963,0.4176281988620758,0.016660844907164574,0.04783374071121216,0.0,0.12979532778263092,0.003208319889381528,0.0,0.04295153170824051,0.0,0.0,0.15077564120292664,0.0,0.0,0.0,0.13982778787612915,0.12725545465946198,0.14584724605083466,0.0,0.0,0.01962502859532833,0.0,0.0,0.0,0.0,0.022931966930627823,0.0,1.2390233278274536,0.07587285339832306,0.24587340652942657,0.0,0.0,0.06573843955993652,0.08378516882658005,0.11070481687784195,0.24733316898345947,0.06491454690694809,0.21232934296131134,0.00014209377695806324,0.004735690541565418,0.14111661911010742,0.0,0.06670788675546646,0.2850763201713562,0.1716148853302002,0.13585689663887024,0.3974139988422394,0.05534229800105095,0.0540776252746582,0.23210451006889343,0.0,0.09719353169202805,0.2537810206413269,0.04029450565576553,0.0,0.0,0.0,0.0,0.015083180740475655,0.0,0.01411671657115221,0.11063013225793839,0.026978204026818275,0.0,0.6323996782302856,0.0,0.06034731864929199,0.3173563480377197,0.00017495332576800138,0.0,0.09184230118989944,0.1895659863948822,0.00020885409321635962,0.18902042508125305,0.0,0.0,0.004833814688026905
095,0.00811111368238926,0.0,0.17023828625679016,0.0,0.07133660465478897,0.014763849787414074,0.14141258597373962,0.0,0.00609124219045043,0.05158168077468872,0.0,0.21108588576316833,0.03248543292284012,0.04460277408361435,0.0034234721679240465,0.07216502726078033,0.0662626102566719,0.11056474596261978,0.22381897270679474,0.0,0.17124296724796295,0.0,0.5994450449943542,0.09314766526222229,0.09482986479997635,0.0,0.2463948279619217,0.10502225160598755,0.21718358993530273,0.007527927868068218,0.0,0.26032185554504395,0.25415152311325073,0.10224852710962296,0.0,0.0,1.3057528734207153,0.18704351782798767,0.09570731222629547,0.06753353029489517,1.4741096496582031,0.0,0.13503947854042053,0.0,0.0,0.03801771253347397,0.0,0.0,0.2956225275993347,0.10250206291675568,0.0,0.003234326373785734,0.3260543644428253,0.014209593646228313,0.026492184028029442,0.0,0.09518720209598541,0.003382573602721095,0.0,0.03533520922064781,0.0,0.0,0.12837623059749603,0.0,0.0,0.0,0.12143542617559433,0.0643438920378685,0.09584744274616241,0.0,0.0,0.02233598195016384,0.0,0.0,0.0,0.0,0.028473680838942528,1.1889716915902682e-05,0.8268696069717407,0.054747700691223145,0.12667964398860931,0.0,0.0,0.024792181327939034,0.058332979679107666,0.07884964346885681,0.16892625391483307,0.030077341943979263,0.1617346704006195,0.00033327643177472055,0.00421643303707242,0.12046179920434952,0.0,0.049219779670238495,0.24247226119041443,0.1202804297208786,0.07067213207483292,0.30671820044517517,0.052831608802080154,0.05481583625078201,0.16238141059875488,0.0,0.06663897633552551,0.18775397539138794,0.030856560915708542,0.0,0.0,0.0,0.0,0.012983560562133789,0.0,0.013409282080829144,0.06350570917129517,0.021047204732894897,0.0,0.4585968554019928,0.0,0.01262540090829134,0.1939421147108078,3.738249506568536e-05,0.0,0.07839622348546982,0.10132259130477905,0.0,0.1510600596666336,0.0,0.0,0.0023623539600521326
096,0.01274796947836876,0.0,0.1629035919904709,0.0,0.05915212631225586,0.021895671263337135,0.1523352414369583,0.0,0.009854650124907494,0.037925660610198975,0.0,0.21235892176628113,0.03316589817404747,0.0425410270690918,0.0035390895791351795,0.05326398089528084,0.06582394242286682,0.10393654555082321,0.20001566410064697,0.0,0.1826275885105133,0.0,0.5821396112442017,0.09220372140407562,0.07701317220926285,0.0,0.21923930943012238,0.1046612337231636,0.19504673779010773,0.0070984819903969765,0.0,0.2505342662334442,0.25542622804641724,0.1070818305015564,0.0,0.0,1.2676472663879395,0.18063640594482422,0.09641046822071075,0.06197355315089226,1.436525583267212,0.0,0.1351805329322815,0.0,0.0,0.03153015673160553,0.0,0.0,0.28040599822998047,0.10602837055921555,0.0,0.003198144258931279,0.32563623785972595,0.014198465272784233,0.020289190113544464,0.0,0.08486665040254593,0.002083981642499566,0.0,0.03204144164919853,0.0,0.0,0.12140481919050217,0.0,0.0,0.0,0.13634265959262848,0.055187225341796875,0.08304359018802643,0.0,0.0,0.024371273815631866,0.0,0.0,0.0,0.0,0.03446872532367706,9.831390343606472e-06,0.8107591867446899,0.037841711193323135,0.11293527483940125,0.0,0.0,0.022632576525211334,0.06131815165281296,0.08176450431346893,0.14769169688224792,0.027302691712975502,0.16080090403556824,0.0005617340211756527,0.005811065901070833,0.09867426007986069,0.0,0.04644125699996948,0.23311369121074677,0.12340295314788818,0.07338276505470276,0.30708110332489014,0.04917989671230316,0.0570857934653759,0.16008153557777405,0.0,0.07898420095443726,0.18509764969348907,0.02707912214100361,0.0,0.0,0.0,0.0,0.00946743693202734,0.0,0.011568650603294373,0.06229223310947418,0.01718788780272007,0.0,0.4538048207759857,0.0,0.010601509362459183,0.1833396703004837,4.155877104494721e-05,0.0,0.08299355208873749,0.10081996768712997,4.5930169108032715e-06,0.14344803988933563,0.0,0.0,0.0022288456093519926
097,0.009719403460621834,0.0,0.1654728502035141,0.0,0.05925745144486427,0.016370989382267,0.13560573756694794,0.0,0.009087137877941132,0.03941206634044647,0.0,0.20371241867542267,0.02795313112437725,0.04104861989617348,0.003216402605175972,0.053599853068590164,0.06174057349562645,0.10047036409378052,0.19147348403930664,0.0,0.16974671185016632,0.0,0.5343538522720337,0.08818072080612183,0.07819188386201859,0.0,0.22554171085357666,0.09417680650949478,0.18746046721935272,0.007318694144487381,0.0,0.23094268143177032,0.23508460819721222,0.0993768572807312,0.0,0.0,1.167145013809204,0.17414385080337524,0.09791884571313858,0.05978471040725708,1.3328801393508911,0.0,0.12771420180797577,0.0,0.0,0.03323342278599739,0.0,0.0,0.2747035324573517,0.09888232499361038,0.0,0.0020556726958602667,0.2930240333080292,0.013126040808856487,0.021308692172169685,0.0,0.07687901705503464,0.0021241798531264067,0.0,0.030131662264466286,0.0,0.0,0.11164161562919617,0.0,0.0,0.0,0.12009341269731522,0.05874784663319588,0.08172783255577087,0.0,0.0,0.0202036015689373,0.0,0.0,0.0,0.0,0.028156258165836334,2.054536344076041e-05,0.7522093653678894,0.038353193551301956,0.10575640946626663,0.0,0.0,0.022362366318702698,0.05585012212395668,0.08410483598709106,0.13755767047405243,0.025237569585442543,0.15650315582752228,0.00031454346026293933,0.00540471775457263,0.09736620634794235,0.0,0.0430075041949749,0.2100556641817093,0.11983382701873779,0.06860095262527466,0.2822667062282562,0.04606608673930168,0.050958141684532166,0.15083463490009308,0.0,0.07165508717298508,0.1702962964773178,0.03040907345712185,0.0,0.0,0.0,0.0,0.00919355172663927,0.0,0.010733044706285,0.06343980878591537,0.01644103415310383,0.0,0.42426860332489014,0.0,0.006978074554353952,0.18041522800922394,7.263477164087817e-05,0.0,0.07940232753753662,0.10197298973798752,5.09210440213792e-06,0.1332719624042511,0.0,8.571559192205314e-06,0.0015548247611150146
098,0.008281644433736801,0.0,0.263144850730896,0.0,0.08864063769578934,0.015275455079972744,0.17161613702774048,0.0,0.006416168995201588,0.06468752771615982,0.0,0.3122948408126831,0.037370435893535614,0.07523223757743835,0.004786795005202293,0.08855403959751129,0.11348448693752289,0.16158777475357056,0.24232421815395355,0.0,0.273710697889328,0.0,0.7406402230262756,0.17185460031032562,0.13528873026371002,0.0,0.34366342425346375,0.11626047641038895,0.2616453766822815,0.005973421037197113,0.0,0.3598877489566803,0.3863076865673065,0.15442556142807007,0.0,0.0,1.825209140777588,0.3025206923484802,0.12216111272573471,0.071951724588871,2.179269790649414,0.0,0.19289089739322662,0.0,0.0,0.05057930946350098,0.0,0.0,0.4365510642528534,0.12658950686454773,0.0,0.002289154566824436,0.4368446469306946,0.014657039195299149,0.04999415576457977,0.0,0.12858954071998596,0.003928367514163256,0.0,0.03710605204105377,0.0,0.0,0.14660772681236267,0.0,0.0,0.0,0.15736991167068481,0.1275119185447693,0.1470298171043396,0.0,0.0,0.023086123168468475,0.0,0.0,0.0,0.0,0.024329204112291336,8.780373718764167e-06,1.2656370401382446,0.06688801199197769,0.2318088263273239,0.0,0.0,0.06411927938461304,0.08133554458618164,0.11658409237861633,0.24552825093269348,0.07689283788204193,0.2132359743118286,0.00010287927580066025,0.005379302427172661,0.14277297258377075,0.0,0.06674519926309586,0.298021525144577,0.17487114667892456,0.13627013564109802,0.4143749177455902,0.05860413610935211,0.06171258166432381,0.23728519678115845,0.0,0.10717800259590149,0.2634308338165283,0.037498101592063904,0.0,0.0,0.0,0.0,0.01412940863519907,0.0,0.014053119346499443,0.11173730343580246,0.025722002610564232,0.0,0.6363420486450195,0.0,0.056163489818573,0.31765392422676086,0.0002228321973234415,0.0,0.09387505054473877,0.18087173998355865,0.00026412526494823396,0.19823826849460602,0.0,0.0,0.0047705331817269325
099,0.011515471152961254,0.0,0.19903726875782013,0.0,0.0708187147974968,0.011381253600120544,0.2083785980939865,0.0,0.0004155124188400805,0.05260831490159035,0.0,0.27223148941993713,0.038730256259441376,0.06518365442752838,0.0005352265434339643,0.0798051655292511,0.1018839180469513,0.11022613197565079,0.23761337995529175,0.0,0.19826845824718475,0.0,0.6307824850082397,0.0898047536611557,0.10479944944381714,0.0,0.20858384668827057,0.12945371866226196,0.20350509881973267,0.0023948270827531815,0.0,0.35319164395332336,0.43810996413230896,0.12410599738359451,0.0,0.0,1.5427778959274292,0.2713509798049927,0.08691838383674622,0.07413284480571747,1.873453974723816,0.0,0.1616668403148651,0.0,0.0,0.04328371584415436,0.0,0.0,0.356815904378891,0.05621330067515373,0.0,0.004913732875138521,0.45424455404281616,0.013186290860176086,0.04453990235924721,0.0,0.08807384967803955,0.0031967044342309237,0.0,0.04488537088036537,0.0,0.0,0.15732380747795105,0.0,0.0,0.0,0.19464458525180817,0.04907999932765961,0.08000344783067703,0.0,0.0,0.023907676339149475,0.0,0.0,0.0,0.0,0.029597051441669464,0.0,1.050508975982666,0.04326268658041954,0.11400854587554932,0.0,0.0,0.03240697458386421,0.07839072495698929,0.06113225221633911,0.2689765989780426,0.054077472537755966,0.14036065340042114,0.00029741221806034446,0.0051594884134829044,0.12911170721054077,0.0,0.05143933743238449,0.3397735357284546,0.16208606958389282,0.05915863811969757,0.34915855526924133,0.060233619064092636,0.11419834196567535,0.1910095065832138,0.0,0.06864728778600693,0.2274680733680725,0.021555565297603607,0.0,0.0,0.0,0.0,0.005050592590123415,0.0,0.04268844425678253,0.08462095260620117,0.05665018782019615,0.0,0.5122387409210205,0.0,0.009007268585264683,0.20402643084526062,2.1045469111413695e-05,0.0,0.07920052856206894,0.11909805238246918,0.0,0.19727398455142975,0.0,0.0,0.0017910446040332317
100,0.009458661079406738,0.0,0.3013296127319336,0.0,0.09040819108486176,0.015503406524658203,0.1861422061920166,0.0,0.005499190650880337,0.06676602363586426,0.0,0.34318333864212036,0.03791969642043114,0.05098729208111763,0.004812313709408045,0.11279912292957306,0.10675878822803497,0.14886973798274994,0.2810254693031311,0.0,0.2823030650615692,0.0,0.7406647801399231,0.13845880329608917,0.14107176661491394,0.0,0.2994389235973358,0.11147785186767578,0.27279001474380493,0.00619469815865159,0.0,0.37530821561813354,0.40721991658210754,0.12572817504405975,0.0,0.0,1.869192123413086,0.33594340085983276,0.14068706333637238,0.07689888030290604,2.254788637161255,0.0,0.2114490121603012,0.0,0.0,0.048696164041757584,0.0,0.0,0.42642274498939514,0.10172704607248306,0.0,0.0030065346509218216,0.4593319594860077,0.015113113448023796,0.03018757700920105,0.0,0.12858572602272034,0.0018204469233751297,0.0,0.04402929171919823,0.0,0.0,0.16840001940727234,0.0,0.0,0.0,0.16748714447021484,0.09671719372272491,0.1277862936258316,0.0,0.0,0.024622302502393723,0.0,0.0,0.0,0.0,0.023581773042678833,0.0,1.3147627115249634,0.06503355503082275,0.2401042878627777,0.0,0.0,0.0650879442691803,0.09137513488531113,0.09449052065610886,0.27149850130081177,0.05682777985930443,0.22456607222557068,7.607292354805395e-05,0.004634628538042307,0.15685948729515076,0.0,0.0701831802725792,0.32218319177627563,0.18203051388263702,0.13636407256126404,0.42676839232444763,0.06365901976823807,0.056202232837677,0.2443569004535675,0.0,0.1004239171743393,0.26431965827941895,0.035566169768571854,0.0,0.0,0.0,0.0,0.01505635678768158,0.0,0.01535777561366558,0.11670511215925217,0.026786139234900475,0.0,0.6773713827133179,0.0,0.04037502780556679,0.34176236391067505,0.0002703486825339496,0.0,0.10087437182664871,0.21940992772579193,0.00011469652963569388,0.20092560350894928,0.0,0.0,0.0032795437145978212
101,0.008530158549547195,0.0,0.18867261707782745,0.0,0.08151952177286148,0.01817522570490837,0.12812785804271698,0.0,0.008160372264683247,0.051533862948417664,0.0,0.2199173867702484,0.03435719385743141,0.04656721651554108,0.004490428604185581,0.07177814096212387,0.06585504114627838,0.1269502341747284,0.25543421506881714,0.0,0.17893926799297333,0.0,0.6263791918754578,0.0947304219007492,0.09977640211582184,0.0,0.27755793929100037,0.09700213372707367,0.23744319379329681,0.005438372492790222,0.0,0.25816744565963745,0.2541574239730835,0.12180869281291962,0.0,0.0,1.370701789855957,0.19628041982650757,0.12210866808891296,0.0712093934416771,1.5285981893539429,0.0,0.1334804743528366,0.0,0.0,0.035579923540353775,0.0,0.0,0.3261260390281677,0.10363321006298065,0.0,0.0017341221682727337,0.33061838150024414,0.015293997712433338,0.02080274373292923,0.0,0.10045000165700912,0.003956488333642483,0.0,0.037474170327186584,0.0,0.0,0.1443948745727539,0.0,0.0,0.0,0.12434917688369751,0.07210932672023773,0.0941636711359024,0.0,0.0,0.02623732015490532,0.0,0.0,0.0,0.0,0.031066512688994408,2.124825186911039e-05,0.8714752197265625,0.06009330227971077,0.13324220478534698,0.0,0.0,0.026800716295838356,0.05467084050178528,0.08681097626686096,0.16959571838378906,0.025023790076375008,0.17242060601711273,0.00044302953756414354,0.005429849959909916,0.1266353279352188,0.0,0.053573302924633026,0.24157066643238068,0.11552806198596954,0.07093749940395355,0.3178202211856842,0.04694012552499771,0.04563887044787407,0.18000036478042603,0.0,0.07813359797000885,0.1988862156867981,0.03831881284713745,0.0,0.0,0.0,0.0,0.01004648394882679,0.0,0.01135811023414135,0.0751880407333374,0.020013615489006042,0.0,0.477504700422287,0.0,0.016010895371437073,0.19898496568202972,0.00022903113858774304,0.0,0.09272298961877823,0.1026679277420044,0.0,0.1517930030822754,0.0,0.0,0.002216985449194908
102,0.01445313636213541,0.0,0.19845937192440033,0.0,0.1050356924533844,0.01698136515915394,0.14661283791065216,0.0,0.013202287256717682,0.0971003994345665,0.0,0.23596306145191193,0.03775994852185249,0.052744124084711075,0.006263690534979105,0.13694451749324799,0.07763006538152695,0.13459338247776031,0.33060672879219055,0.0,0.1494053155183792,0.0,0.7083516120910645,0.0966501235961914,0.13944213092327118,0.0,0.28451135754585266,0.1293182522058487,0.2861083447933197,0.004969208035618067,0.0,0.33926644921302795,0.32623291015625,0.09757888317108154,0.0,0.0,1.596928596496582,0.20379041135311127,0.10214582830667496,0.07978206127882004,1.7312716245651245,0.0,0.15989971160888672,0.0,0.0,0.06457870453596115,0.0,0.0,0.3289169669151306,0.08309849351644516,0.0,0.004427806939929724,0.42376813292503357,0.010179842822253704,0.036192744970321655,0.0,0.1167702004313469,0.0035285537596791983,0.0,0.04049600288271904,0.0,0.0,0.19571487605571747,0.0,0.0,0.0,0.13724760711193085,0.06974535435438156,0.10749170184135437,0.0,0.0,0.02577785961329937,0.0,0.0,0.0,0.0,0.02688860334455967,0.0,1.022891640663147,0.09182640165090561,0.14531941711902618,0.0,0.0,0.0567670613527298,0.08008632063865662,0.06614553928375244,0.2659948170185089,0.0341145396232605,0.1596471220254898,0.00034656620118767023,0.003446855815127492,0.2000489979982376,0.0,0.06746608018875122,0.3185425400733948,0.12670038640499115,0.050651807337999344,0.338779091835022,0.07096885144710541,0.05737992748618126,0.20198045670986176,0.0,0.06265639513731003,0.23543083667755127,0.026829103007912636,0.0,0.0,0.0,0.0,0.008155816234648228,0.0,0.020413316786289215,0.07982606440782547,0.043842863291502,0.0,0.5132384896278381,0.0,0.008824115619063377,0.20123256742954254,2.9406686735455878e-05,0.0,0.07925673574209213,0.10404491424560547,6.144289727672003e-06,0.18681509792804718,0.0,0.0,0.0019168247235938907
103,0.02078223042190075,0.0,0.2253330498933792,0.0,0.0864548310637474,0.015696674585342407,0.17998331785202026,0.0,0.02177656628191471,0.06566239893436432,0.0,0.2959475815296173,0.051796600222587585,0.053958047181367874,0.0027945146430283785,0.0823182687163353,0.09360364824533463,0.16096439957618713,0.30797579884529114,0.0,0.2514514625072479,0.0,0.8156213164329529,0.11684318631887436,0.1360033005475998,0.0,0.3116556406021118,0.12786559760570526,0.27009317278862,0.005236178170889616,0.0,0.3497941792011261,0.4030044376850128,0.15258291363716125,0.0,0.0,1.8101611137390137,0.3020460307598114,0.11725768446922302,0.07695595920085907,2.0729119777679443,0.0,0.2196139693260193,0.0,0.0,0.04575107991695404,0.0,0.0,0.42562898993492126,0.12255833297967911,0.0,0.012831090949475765,0.4408608376979828,0.012609362602233887,0.028206227347254753,0.0,0.13921071588993073,0.0006113852141425014,0.0,0.03442820534110069,0.0,0.0,0.18215356767177582,0.0,0.0,0.0,0.18127591907978058,0.07007265836000443,0.10721363872289658,0.0,0.0,0.02430623024702072,0.0,0.0,0.0,0.0,0.026938477531075478,0.0,1.2004746198654175,0.06798608601093292,0.14483356475830078,0.0,0.0,0.04434936121106148,0.09249361604452133,0.09684121608734131,0.2463715523481369,0.04943353310227394,0.1906784623861313,0.00025888977688737214,0.0038611937779933214,0.16123096644878387,0.0,0.07289260625839233,0.3293170630931854,0.15917065739631653,0.08709430694580078,0.38064947724342346,0.07684126496315002,0.07117524743080139,0.23100866377353668,0.0,0.08965760469436646,0.2563835084438324,0.0439937561750412,0.0,0.0,0.0,0.0,0.00957466196268797,0.0,0.011860915459692478,0.08745934814214706,0.02985786832869053,0.0,0.5778520703315735,0.0,0.015659118071198463,0.23151527345180511,0.00019037204037886113,0.0,0.11454731225967407,0.1401202529668808,0.0,0.20909082889556885,0.0,0.0,0.003962010610848665
104,0.010472569614648819,0.0,0.2900906205177307,0.0,0.08686953783035278,0.009236532263457775,0.23108135163784027,0.0,0.01060333102941513,0.07701271027326584,0.0,0.3529735803604126,0.032306086272001266,0.07773435115814209,0.0031257837545126677,0.08907395601272583,0.13490770757198334,0.151437908411026,0.2523439824581146,0.0,0.2975808382034302,0.0,0.7567086219787598,0.1438971757888794,0.14016033709049225,0.0,0.3071623742580414,0.1232486292719841,0.2356014996767044,0.0031408213544636965,0.0,0.41477954387664795,0.5326114296913147,0.1659023016691208,0.0,0.0,1.9757293462753296,0.37566491961479187,0.12722937762737274,0.08792943507432938,2.4636781215667725,0.0,0.23408646881580353,0.0,0.0,0.0448966883122921,0.0,0.0,0.4995698928833008,0.0855598971247673,0.0,0.001381776644848287,0.5124781131744385,0.011131885461509228,0.0511428602039814,0.0,0.1203392818570137,0.002536744112148881,0.0,0.044700101017951965,0.0,0.0,0.1685807704925537,0.0,0.0,0.0,0.2045072764158249,0.1055634617805481,0.13117174804210663,0.0,0.0,0.018448011949658394,0.0,0.0,0.0,0.0,0.018722886219620705,0.0,1.404639720916748,0.06582490354776382,0.22588329017162323,0.0,0.0,0.06617391854524612,0.09955236315727234,0.10925497859716415,0.32536280155181885,0.06917214393615723,0.19265420734882355,4.28753555752337e-05,0.004381906241178513,0.14260409772396088,0.0,0.06960849463939667,0.35952484607696533,0.212599977850914,0.12876707315444946,0.4207456409931183,0.06516890972852707,0.10709282010793686,0.26686277985572815,0.0,0.10172795504331589,0.27963194251060486,0.0319511704146862,0.0,0.0,0.0,0.0,0.009274128824472427,0.0,0.02904893271625042,0.11530017107725143,0.05932895839214325,0.0,0.6636492609977722,0.0,0.05168949067592621,0.310875803232193,0.00014599296264350414,0.0,0.09476608037948608,0.19209446012973785,0.00021049822680652142,0.22997285425662994,0.0,0.0,0.0011987782781943679
105,0.014492071233689785,0.0,0.20339828729629517,0.0,0.0796508714556694,0.00928764883428812,0.18365752696990967,0.0,0.03280061483383179,0.05511315166950226,0.0,0.258497416973114,0.032834798097610474,0.05202651768922806,0.0035185329616069794,0.06778763979673386,0.09123194962739944,0.13100799918174744,0.2980603277683258,0.0,0.23450854420661926,0.0,0.7013542652130127,0.09040624648332596,0.11687999218702316,0.0,0.26913389563560486,0.1143152192234993,0.24314433336257935,0.005397430155426264,0.0,0.3116908073425293,0.380801796913147,0.14119526743888855,0.0,0.0,1.5455892086029053,0.2862103283405304,0.13827911019325256,0.09025458991527557,1.796389102935791,0.0,0.17477601766586304,0.0,0.0,0.03411157429218292,0.0,0.0,0.4141407907009125,0.1047523096203804,0.0,0.005331720691174269,0.3779507577419281,0.01096732635051012,0.019484274089336395,0.0,0.11438047885894775,0.0017574495868757367,0.0,0.035985302180051804,0.0,0.0,0.17782841622829437,0.0,0.0,0.0,0.18221840262413025,0.05126771703362465,0.08331665396690369,0.0,0.0,0.022073475643992424,0.0,0.0,0.0,0.0,0.029730426147580147,1.8216385797131807e-05,1.02744722366333,0.05539556220173836,0.10458309948444366,0.0,0.0,0.02579929679632187,0.07906892895698547,0.09555019438266754,0.2268562912940979,0.04031706973910332,0.16756312549114227,0.0003708332369569689,0.005889099556952715,0.14919942617416382,0.0,0.058260902762413025,0.31204530596733093,0.15087591111660004,0.07367080450057983,0.3238431513309479,0.05835505202412605,0.08048412203788757,0.228584423661232,0.0,0.08357148617506027,0.2165047526359558,0.044959310442209244,0.0,0.0,0.0,0.0,0.007454161997884512,0.0,0.011615072377026081,0.08182423561811447,0.035976480692625046,0.0,0.5044101476669312,0.0,0.008218331262469292,0.18468038737773895,0.0001762135507306084,0.0,0.11367747187614441,0.11447331309318542,0.0,0.20160916447639465,0.0,0.0,0.0025236213114112616
106,0.011541626416146755,0.0,0.16667726635932922,0.0,0.08052683621644974,0.015843261033296585,0.12954197824001312,0.0,0.01020857598632574,0.06095632538199425,0.0,0.21775053441524506,0.03699380159378052,0.04777796193957329,0.00299524306319654,0.07768376916646957,0.06856553256511688,0.11565222591161728,0.24392041563987732,0.0,0.1531313955783844,0.0,0.6074089407920837,0.08812801539897919,0.10343929380178452,0.0,0.24408800899982452,0.10825616121292114,0.23041123151779175,0.0043513840064406395,0.0,0.27580875158309937,0.2736770212650299,0.10737106204032898,0.0,0.0,1.3442610502243042,0.1855408102273941,0.09646949917078018,0.06726251542568207,1.505495309829712,0.0,0.14415115118026733,0.0,0.0,0.03999803960323334,0.0,0.0,0.3004457652568817,0.08654496818780899,0.0,0.004999176133424044,0.3406335711479187,0.014001520350575447,0.03410906344652176,0.0,0.09261404722929001,0.004423094913363457,0.0,0.039820827543735504,0.0,0.0,0.14388352632522583,0.0,0.0,0.0,0.13000479340553284,0.06258800625801086,0.09050047397613525,0.0,0.0,0.02269347757101059,0.0,0.0,0.0,0.0,0.03031410463154316,0.0,0.8587032556533813,0.06033821776509285,0.11918003857135773,0.0,0.0,0.03309040144085884,0.06813909858465195,0.07139343023300171,0.18684396147727966,0.02740584872663021,0.1383340060710907,0.00043040633318014443,0.003635349217802286,0.13317419588565826,0.0,0.05038955807685852,0.2639697194099426,0.11594372987747192,0.054754626005887985,0.30087900161743164,0.04743759706616402,0.05522194877266884,0.16649691760540009,0.0,0.06056344881653786,0.1988135576248169,0.029429549351334572,0.0,0.0,0.0,0.0,0.00894155167043209,0.0,0.01757461577653885,0.06464063376188278,0.026411814615130424,0.0,0.44509509205818176,0.0,0.012458951212465763,0.1834496259689331,0.00013277801917865872,0.0,0.07832399010658264,0.0874335989356041,0.0,0.1527847945690155,0.0,0.0,0.0026544255670160055
107,0.011296727694571018,0.0,0.26719507575035095,0.0,0.08487940579652786,0.017099877819418907,0.17202971875667572,0.0,0.005964774638414383,0.05852756276726723,0.0,0.3217468857765198,0.03824608772993088,0.0595645010471344,0.004881321918219328,0.09254760295152664,0.10669045150279999,0.16491606831550598,0.2553669214248657,0.0,0.2956649363040924,0.0,0.7542514801025391,0.17018388211727142,0.1381704956293106,0.0,0.35038113594055176,0.11778712272644043,0.2772846519947052,0.00683565903455019,0.0,0.3711530566215515,0.39464429020881653,0.14352910220623016,0.0,0.0,1.8698300123214722,0.3098759055137634,0.1304527223110199,0.07414799928665161,2.227755069732666,0.0,0.2017638385295868,0.0,0.0,0.04886907339096069,0.0,0.0,0.4442010521888733,0.13333414494991302,0.0,0.002000570297241211,0.44960758090019226,0.015365575440227985,0.042285654693841934,0.0,0.13076063990592957,0.0027135510463267565,0.0,0.03425130993127823,0.0,0.0,0.16429638862609863,0.0,0.0,0.0,0.16159535944461823,0.12451080232858658,0.14911480247974396,0.0,0.0,0.02448572777211666,0.0,0.0,0.0,0.0,0.02371906116604805,0.00011276687291683629,1.2991749048233032,0.06927107274532318,0.2541200816631317,0.0,0.0,0.06528561562299728,0.07653921097517014,0.117019422352314,0.2585350573062897,0.07286366075277328,0.2453257143497467,1.2593470273714047e-05,0.005926936399191618,0.15371288359165192,0.0,0.06737019866704941,0.3146119713783264,0.18039003014564514,0.14361624419689178,0.4318237006664276,0.05863875895738602,0.06010322645306587,0.2548949718475342,0.0,0.12189425528049469,0.27059486508369446,0.04264308884739876,0.0,0.0,0.0,0.0,0.011973868124186993,0.0,0.014381344430148602,0.11216077953577042,0.020986367017030716,0.0,0.668516993522644,0.0,0.05053608492016792,0.3431885838508606,0.00015244413225445896,0.0,0.1031414270401001,0.20057062804698944,0.000210162514122203,0.2127353847026825,0.0,0.0,0.003761924570426345
108,0.010542848147451878,0.0,0.24242304265499115,0.0,0.09532744437456131,0.02123679406940937,0.17260752618312836,0.0,0.007205368019640446,0.06728968769311905,0.0,0.2760779559612274,0.04673134535551071,0.07491117715835571,0.005579233635216951,0.07377563416957855,0.11077366769313812,0.15644238889217377,0.2600972354412079,0.0,0.24437889456748962,0.0,0.7596178650856018,0.1553768664598465,0.1352732926607132,0.0,0.36438944935798645,0.11120007932186127,0.2851690948009491,0.007649872452020645,0.0,0.3409947454929352,0.33551689982414246,0.15199021995067596,0.0,0.0,1.736803412437439,0.275534063577652,0.13998687267303467,0.08452650159597397,2.0263609886169434,0.0,0.19993922114372253,0.0,0.0,0.04629673436284065,0.0,0.0,0.41886141896247864,0.128289133310318,0.0,0.0033050065394490957,0.407355934381485,0.014776627533137798,0.040440332144498825,0.0,0.14175426959991455,0.0030437225941568613,0.0,0.040706753730773926,0.0,0.0,0.16205742955207825,0.0,0.0,0.0,0.13671930134296417,0.1108158752322197,0.1343970000743866,0.0,0.0,0.02705729566514492,0.0,0.0,0.0,0.0,0.022414151579141617,0.0,1.16065514087677,0.08188044279813766,0.21768827736377716,0.0,0.0,0.06509672850370407,0.08320008218288422,0.11985046416521072,0.22426794469356537,0.0644339844584465,0.21582520008087158,0.00036726114922203124,0.006383112166076899,0.14364919066429138,0.0,0.07735703140497208,0.2875850796699524,0.15306520462036133,0.1324835568666458,0.3810824453830719,0.050145555287599564,0.06223907694220543,0.2342667579650879,0.0,0.1183234304189682,0.25504741072654724,0.04205510392785072,0.0,0.0,0.0,0.0,0.013457940891385078,0.0,0.012190538458526134,0.09434539079666138,0.026800910010933876,0.0,0.5932855010032654,0.0,0.0490875318646431,0.2593730092048645,0.0003467924252618104,0.0,0.09889556467533112,0.14989502727985382,0.0003556863230187446,0.18922045826911926,0.0,0.0,0.005719891749322414
109,0.00796837080270052,0.0,0.2951693534851074,0.0,0.08288256078958511,0.008658826351165771,0.2350347489118576,0.0,1.7710590327624232e-07,0.07279201596975327,0.0,0.35677236318588257,0.03385022655129433,0.05805680900812149,0.0022770052310079336,0.11409005522727966,0.1340501755475998,0.14576688408851624,0.2506992220878601,0.0,0.2844373285770416,0.0,0.7219170331954956,0.11872384697198868,0.13186728954315186,0.0,0.26955246925354004,0.1373419463634491,0.21249991655349731,0.0021408156026154757,0.0,0.4168262183666229,0.5433995723724365,0.12515859305858612,0.0,0.0,1.928191065788269,0.38189196586608887,0.10697680711746216,0.0740569531917572,2.424129009246826,0.0,0.20039309561252594,0.0,0.0,0.05292873457074165,0.0,0.0,0.45718082785606384,0.07088854908943176,0.0,0.0017224849434569478,0.555121898651123,0.013842247426509857,0.052163079380989075,0.0,0.10636775195598602,0.0006371547351591289,0.0,0.04177467152476311,0.0,0.0,0.18060781061649323,0.0,0.0,0.0,0.2178921103477478,0.09332544356584549,0.12883907556533813,0.0,0.0,0.019757021218538284,0.0,0.0,0.0,0.0,0.021179871633648872,0.0,1.3907854557037354,0.054077327251434326,0.21488061547279358,0.0,0.0,0.059498585760593414,0.09225805103778839,0.0786447823047638,0.34585675597190857,0.061266977339982986,0.1942846179008484,0.0,0.00455984054133296,0.15162572264671326,0.0,0.060049284249544144,0.3694569766521454,0.21275202929973602,0.10692151635885239,0.4464223086833954,0.07891301065683365,0.1069929376244545,0.2383585125207901,0.0,0.08584679663181305,0.273760586977005,0.021498195827007294,0.0,0.0,0.0,0.0,0.007258085999637842,0.0,0.037047065794467926,0.12488062679767609,0.05663939565420151,0.0,0.6928052306175232,0.0,0.04126201570034027,0.34475070238113403,0.00023433688329532743,0.0,0.0888809934258461,0.22369341552257538,1.0938023478956893e-05,0.22719323635101318,0.0,0.0,0.0011543883010745049
110,0.02250351756811142,0.0,0.21405324339866638,0.0,0.09206879138946533,0.02326352149248123,0.13726183772087097,0.0,0.007860027253627777,0.06921844184398651,0.0,0.2240074723958969,0.033981580287218094,0.04311621934175491,0.007485239300876856,0.1612578183412552,0.09295070171356201,0.10076886415481567,0.3200399875640869,0.0,0.18625137209892273,0.0,0.7178859710693359,0.10420675575733185,0.13426285982131958,0.0,0.24041414260864258,0.13631057739257812,0.24693922698497772,0.005665898788720369,0.0,0.312674343585968,0.36049380898475647,0.10026456415653229,0.0,0.0,1.6598697900772095,0.23056872189044952,0.11017889529466629,0.07788977771997452,1.8524706363677979,0.0,0.12529078125953674,0.0,0.0,0.06556559354066849,0.0,0.0,0.33325666189193726,0.07379946112632751,0.0,0.004715123679488897,0.47592607140541077,0.013550077565014362,0.02634192816913128,0.0,0.12610101699829102,0.0043751937337219715,0.0,0.040649451315402985,0.0,0.0,0.2045029252767563,0.0,0.0,0.0,0.1513563096523285,0.06304950267076492,0.08364270627498627,0.0,0.0,0.02467384561896324,0.0,0.0,0.0,0.0,0.026151349768042564,0.0,1.1206178665161133,0.06968674063682556,0.17847461998462677,0.0,0.0,0.04599439352750778,0.09497275948524475,0.05903024971485138,0.3094891309738159,0.03726837784051895,0.18508589267730713,0.0005285382503643632,0.00359896756708622,0.2324584424495697,0.0,0.06976459175348282,0.3084423840045929,0.12114503979682922,0.07021813094615936,0.3549618422985077,0.08101396262645721,0.05067098140716553,0.20190875232219696,0.0,0.09106697142124176,0.2053665816783905,0.016186822205781937,0.0,0.0,0.0,0.0,0.010583999566733837,0.0,0.01935618184506893,0.08966846019029617,0.04960549250245094,0.0,0.5649768114089966,0.0,0.02226712554693222,0.22705793380737305,0.0,0.0,0.08377937972545624,0.13902652263641357,1.4216922863852233e-05,0.18355801701545715,0.0,0.0,0.0036444785073399544
111,0.023367244750261307,0.0,0.1814999282360077,0.0,0.06646683812141418,0.01584094949066639,0.15343332290649414,0.0,0.020329037681221962,0.04484304040670395,0.0,0.2307741940021515,0.05542164295911789,0.0469861701130867,0.004156915936619043,0.05444787070155144,0.07842665165662766,0.12472067773342133,0.24408438801765442,0.0,0.20372053980827332,0.0,0.6466140747070312,0.09306748956441879,0.09216564148664474,0.0,0.21272848546504974,0.11971305310726166,0.20594768226146698,0.006331531796604395,0.0,0.2724544405937195,0.3180473744869232,0.13368187844753265,0.0,0.0,1.3961431980133057,0.2336364984512329,0.11109517514705658,0.06064356118440628,1.588724136352539,0.0,0.1771974414587021,0.0,0.0,0.03778456896543503,0.0,0.0,0.3430826663970947,0.11734572798013687,0.0,0.012449107132852077,0.354339063167572,0.016046475619077682,0.026032481342554092,0.0,0.10872422903776169,0.004365278873592615,0.0,0.03796589374542236,0.0,0.0,0.13959431648254395,0.0,0.0,0.0,0.16578666865825653,0.04621420428156853,0.07061035186052322,0.0,0.0,0.019568387418985367,0.0,0.0,0.0,0.0,0.031305961310863495,0.0,0.9032015800476074,0.040741775184869766,0.09553743898868561,0.0,0.0,0.021041931584477425,0.08660069853067398,0.08715132623910904,0.174381285905838,0.03140072897076607,0.14921961724758148,0.00036954027018509805,0.0058002956211566925,0.10833949595689774,0.0,0.05804870277643204,0.259951651096344,0.12983347475528717,0.05484462156891823,0.3026142716407776,0.05472245067358017,0.07062219828367233,0.18933002650737762,0.0,0.07290131598711014,0.20976020395755768,0.037126850336790085,0.0,0.0,0.0,0.0,0.005831563379615545,0.0,0.013293647207319736,0.0686812549829483,0.022123906761407852,0.0,0.44523119926452637,0.0,0.005574700888246298,0.16319723427295685,0.00021008425392210484,0.0,0.10665600746870041,0.08866702765226364,2.5978806661441922e-06,0.15822966396808624,0.0,0.0,0.004795375745743513
112,0.008364494889974594,0.0,0.3168039321899414,0.0,0.10443630814552307,0.013913358561694622,0.18042892217636108,0.0,0.0054473611526191235,0.0817546546459198,0.0,0.3469659090042114,0.042378950864076614,0.040821414440870285,0.005530134309083223,0.14299510419368744,0.10966972261667252,0.18498659133911133,0.32162949442863464,0.0,0.2977725565433502,0.0,0.8509718775749207,0.16326071321964264,0.15150229632854462,0.0,0.3656890392303467,0.11866027861833572,0.32573607563972473,0.004522861447185278,0.0,0.4225616455078125,0.41963711380958557,0.1259409785270691,0.0,0.0,2.1099796295166016,0.3253107964992523,0.16137486696243286,0.08615817874670029,2.475801706314087,0.0,0.20586158335208893,0.0,0.0,0.06266613304615021,0.0,0.0,0.47118091583251953,0.11779278516769409,0.0,0.0013153128093108535,0.5112780928611755,0.014774531126022339,0.042946379631757736,0.0,0.14517337083816528,0.0010949930874630809,0.0,0.046453580260276794,0.0,0.0,0.21847732365131378,0.0,0.0,0.0,0.16349239647388458,0.12600691616535187,0.15479497611522675,0.0,0.0,0.0312179047614336,0.0,0.0,0.0,0.0,0.025083472952246666,0.0,1.4676284790039062,0.08824029564857483,0.2897249162197113,0.0,0.0,0.07502410560846329,0.08201781660318375,0.09834330528974533,0.30774810910224915,0.05982048809528351,0.2638516426086426,0.0,0.004209451377391815,0.20031289756298065,0.0,0.07861417531967163,0.37736204266548157,0.1872105747461319,0.13528446853160858,0.47471415996551514,0.06752568483352661,0.05248862877488136,0.278483122587204,0.0,0.11744451522827148,0.2931753695011139,0.04577767476439476,0.0,0.0,0.0,0.0,0.013540695421397686,0.0,0.013941296376287937,0.13278459012508392,0.02578114904463291,0.0,0.7578961253166199,0.0,0.05525724217295647,0.372457355260849,0.00015391659690067172,0.0,0.10456370562314987,0.2188384085893631,1.2762087862938643e-05,0.2244238406419754,0.0,0.0,0.0029754561837762594
113,0.03259512409567833,0.0,0.22483490407466888,0.0,0.08105263859033585,0.013696341775357723,0.16107147932052612,0.0,0.019183646887540817,0.055022597312927246,0.0,0.26137760281562805,0.047448236495256424,0.04523146152496338,0.002453792607411742,0.17433343827724457,0.11216770112514496,0.11047554761171341,0.3080938756465912,0.0,0.2137942910194397,0.0,0.7581765651702881,0.09794510900974274,0.1352163851261139,0.0,0.21003171801567078,0.13685648143291473,0.18296237289905548,0.002453588182106614,0.0,0.33187976479530334,0.44504430890083313,0.12953610718250275,0.0,0.0,1.793701410293579,0.29320400953292847,0.09583208709955215,0.06412085145711899,2.079871892929077,0.0,0.1603454053401947,0.0,0.0,0.05617807060480118,0.0,0.0,0.3914267122745514,0.08475323021411896,0.0,0.014177098870277405,0.5290781855583191,0.013301316648721695,0.04724735766649246,0.0,0.12766124308109283,0.002108981367200613,0.0,0.040747519582509995,0.0,0.0,0.1881086826324463,0.0,0.0,0.0,0.1798248589038849,0.05495959147810936,0.06683461368083954,0.0,0.0,0.02105780318379402,0.0,0.0,0.0,0.0,0.022919900715351105,0.0,1.2283542156219482,0.05034580081701279,0.1505732536315918,0.0,0.0,0.019435249269008636,0.1232793778181076,0.06389148533344269,0.33389559388160706,0.04409272223711014,0.16051624715328217,0.0003153163706883788,0.005219831131398678,0.23843161761760712,0.0,0.06627832353115082,0.3335787057876587,0.14083704352378845,0.067081019282341,0.35474586486816406,0.09635584056377411,0.07651610672473907,0.20078258216381073,0.0,0.06384974718093872,0.20055416226387024,0.01982085406780243,0.0,0.0,0.0,0.0,0.005711348261684179,0.0,0.02500935085117817,0.09001153707504272,0.05546335503458977,0.0,0.5729970932006836,0.0,0.02355051040649414,0.21578818559646606,0.0,0.0,0.08856295049190521,0.1507803499698639,0.0,0.18596616387367249,0.0,0.0,0.003659321926534176
114,0.008475973270833492,0.0,0.1972896158695221,0.0,0.0842757597565651,0.016166727989912033,0.14556226134300232,0.0,0.009784367866814137,0.062421802431344986,0.0,0.24660514295101166,0.03161896392703056,0.056916795670986176,0.003322312142699957,0.07551049441099167,0.07694391906261444,0.12706391513347626,0.2638223469257355,0.0,0.18811245262622833,0.0,0.6626735329627991,0.09647472947835922,0.11227594316005707,0.0,0.28062382340431213,0.10651592910289764,0.24357472360134125,0.005007489584386349,0.0,0.28603464365005493,0.29023584723472595,0.1198505088686943,0.0,0.0,1.472432255744934,0.2185729444026947,0.12146260589361191,0.07359684258699417,1.6637829542160034,0.0,0.1540345698595047,0.0,0.0,0.04017302393913269,0.0,0.0,0.3364036977291107,0.09590410441160202,0.0,0.0038130017928779125,0.36393484473228455,0.013947337865829468,0.02667279727756977,0.0,0.1055908352136612,0.001879861461929977,0.0,0.04100983589887619,0.0,0.0,0.1518324464559555,0.0,0.0,0.0,0.1331433206796646,0.06895215064287186,0.09851624816656113,0.0,0.0,0.023692449554800987,0.0,0.0,0.0,0.0,0.029454361647367477,0.0,0.947287917137146,0.06430667638778687,0.1325199156999588,0.0,0.0,0.03784438595175743,0.06347400695085526,0.08311821520328522,0.19647648930549622,0.03344639390707016,0.16553333401679993,0.0002603661559987813,0.003771277843043208,0.13508448004722595,0.0,0.060841698199510574,0.27245259284973145,0.1274362951517105,0.07518060505390167,0.33524075150489807,0.05188393592834473,0.056806039065122604,0.17590510845184326,0.0,0.08390035480260849,0.21200110018253326,0.03253615275025368,0.0,0.0,0.0,0.0,0.011294113472104073,0.0,0.0146986348554492,0.07649210840463638,0.027844233438372612,0.0,0.5046547651290894,0.0,0.013511257246136665,0.21589796245098114,0.00011201720190001652,0.0,0.08655180782079697,0.11562015861272812,0.0,0.1688295155763626,0.0,0.0,0.0020900885574519634
115,0.009350902400910854,0.0,0.3271597921848297,0.0,0.09619679301977158,0.016056599095463753,0.18138401210308075,0.0,0.004771480802446604,0.06539297103881836,0.0,0.3690190315246582,0.041965097188949585,0.04324665293097496,0.0030408184975385666,0.13095177710056305,0.0928003266453743,0.14838476479053497,0.2924650311470032,0.0,0.2901054620742798,0.0,0.723388135433197,0.12054365873336792,0.14007732272148132,0.0,0.2546720802783966,0.10288974642753601,0.25875312089920044,0.004765932913869619,0.0,0.3611030578613281,0.4192157983779907,0.1215243935585022,0.0,0.0,1.924692988395691,0.3554214537143707,0.14761541783809662,0.06995748728513718,2.3147287368774414,0.0,0.22216029465198517,0.0,0.0,0.050109297037124634,0.0,0.0,0.4224562644958496,0.09297411888837814,0.0,0.004019299987703562,0.46304741501808167,0.016145750880241394,0.0175335556268692,0.0,0.12909281253814697,0.0036643848288804293,0.0,0.05314471945166588,0.0,0.0,0.16431346535682678,0.0,0.0,0.0,0.16525448858737946,0.08441201597452164,0.10623335093259811,0.0,0.0,0.027108876034617424,0.0,0.0,0.0,0.0,0.023163100704550743,0.0,1.3487416505813599,0.0562443844974041,0.25290653109550476,0.0,0.0,0.05579102039337158,0.09446791559457779,0.08084433525800705,0.2792344391345978,0.039469607174396515,0.2196696251630783,0.0,0.004299608059227467,0.15024322271347046,0.0,0.06549999862909317,0.3150005638599396,0.18540091812610626,0.13892106711864471,0.43799149990081787,0.06264082342386246,0.0503743477165699,0.24370180070400238,0.0,0.07661707699298859,0.2567538321018219,0.03392079100012779,0.0,0.0,0.0,0.0,0.01522818673402071,0.0,0.016856340691447258,0.12216363102197647,0.02199704200029373,0.0,0.7003533244132996,0.0,0.03193343058228493,0.35851922631263733,0.0002883081033360213,0.0,0.10074568539857864,0.24529986083507538,0.0,0.18915699422359467,0.0,0.0,0.003948709461838007
116,0.02472832053899765,0.0,0.18032069504261017,0.0,0.06353802233934402,0.012812186032533646,0.16093991696834564,0.0,0.026246489956974983,0.03792241960763931,0.0,0.24590562283992767,0.04831616207957268,0.05257532000541687,0.0021947985514998436,0.05554363131523132,0.08213087171316147,0.12745684385299683,0.24387890100479126,0.0,0.21808749437332153,0.0,0.6603550314903259,0.09541428089141846,0.09326834231615067,0.0,0.21462459862232208,0.11793110519647598,0.19374805688858032,0.005369836930185556,0.0,0.2796982228755951,0.3659113645553589,0.15318726003170013,0.0,0.0,1.4467530250549316,0.262079119682312,0.10528755933046341,0.05794250965118408,1.6863123178482056,0.0,0.1762210726737976,0.0,0.0,0.037053246051073074,0.0,0.0,0.375019907951355,0.10825809091329575,0.0,0.014991842210292816,0.3696061372756958,0.014413262717425823,0.033389728516340256,0.0,0.09520134329795837,0.004224865231662989,0.0,0.038982897996902466,0.0,0.0,0.13378868997097015,0.0,0.0,0.0,0.19405291974544525,0.050772394984960556,0.07194627076387405,0.0,0.0,0.0217758622020483,0.0,0.0,0.0,0.0,0.03252468630671501,0.0,0.9667240977287292,0.03475600481033325,0.0876273438334465,0.0,0.0,0.020688530057668686,0.09162875264883041,0.08954155445098877,0.18224483728408813,0.03761764243245125,0.12934081256389618,0.0002848633739631623,0.004277150612324476,0.10800772905349731,0.0,0.052682965993881226,0.2788899838924408,0.13872073590755463,0.055343110114336014,0.31573784351348877,0.06034880504012108,0.07572237402200699,0.19204743206501007,0.0,0.06257152557373047,0.2075498104095459,0.03663718327879906,0.0,0.0,0.0,0.0,0.007177248597145081,0.0,0.013935104012489319,0.07360806316137314,0.025289176031947136,0.0,0.44666364789009094,0.0,0.0055970256216824055,0.16221363842487335,5.976295506116003e-05,0.0,0.11158448457717896,0.09591848403215408,0.0,0.16935758292675018,0.0,0.0,0.005057100672274828
117,0.009391073137521744,0.0,0.2579394280910492,0.0,0.09337839484214783,0.019884558394551277,0.1701134443283081,0.0,0.009820838458836079,0.07282107323408127,0.0,0.30781683325767517,0.04006265476346016,0.08170421421527863,0.0036627466324716806,0.07760893553495407,0.12499447911977768,0.15726733207702637,0.23308782279491425,0.0,0.25927338004112244,0.0,0.7473071217536926,0.17306514084339142,0.14040526747703552,0.0,0.3477976322174072,0.11206599324941635,0.26606485247612,0.004694832488894463,0.0,0.35513994097709656,0.38389572501182556,0.1464049220085144,0.0,0.0,1.7895451784133911,0.30164647102355957,0.12565506994724274,0.07928912341594696,2.1501781940460205,0.0,0.20381949841976166,0.0,0.0,0.047070324420928955,0.0,0.0,0.42405247688293457,0.11245855689048767,0.0,0.005047780927270651,0.43803107738494873,0.012104331515729427,0.057411838322877884,0.0,0.1342204362154007,0.0037168979179114103,0.0,0.035997334867715836,0.0,0.0,0.14904718101024628,0.0,0.0,0.0,0.15489278733730316,0.12874598801136017,0.14749565720558167,0.0,0.0,0.018167421221733093,0.0,0.0,0.0,0.0,0.016431091353297234,0.0,1.2461446523666382,0.07889103144407272,0.2383308857679367,0.0,0.0,0.06929133087396622,0.08935902267694473,0.11323945969343185,0.24725478887557983,0.07615797966718674,0.19613158702850342,0.00018667518452275544,0.0022367294877767563,0.13924191892147064,0.0,0.07531779259443283,0.295316606760025,0.16539184749126434,0.1308656483888626,0.3888326585292816,0.054340362548828125,0.0640045553445816,0.22918467223644257,0.0,0.11156946420669556,0.25877484679222107,0.03174873813986778,0.0,0.0,0.0,0.0,0.014167867600917816,0.0,0.015841765329241753,0.10112284868955612,0.029692254960536957,0.0,0.6132350564002991,0.0,0.06444556266069412,0.29318323731422424,8.394363248953596e-05,0.0,0.08758077025413513,0.16877032816410065,0.0003347785386722535,0.20380878448486328,0.0,0.0,0.00419636769220233
118,0.011533642187714577,0.0,0.20125094056129456,0.0,0.07443562150001526,0.018670372664928436,0.16583842039108276,0.0,0.009947528131306171,0.04825182631611824,0.0,0.25490137934684753,0.03551531955599785,0.041418567299842834,0.004191848915070295,0.0936107337474823,0.07452714443206787,0.12263711541891098,0.2698124647140503,0.0,0.1974152773618698,0.0,0.7097043395042419,0.10662154853343964,0.10436709970235825,0.0,0.2793459892272949,0.11467301845550537,0.25893568992614746,0.004262950737029314,0.0,0.3291589021682739,0.29878875613212585,0.10255587100982666,0.0,0.0,1.567057490348816,0.20628908276557922,0.11913393437862396,0.07359777390956879,1.7679754495620728,0.0,0.15590223670005798,0.0,0.0,0.04784354567527771,0.0,0.0,0.32074761390686035,0.0927623063325882,0.0,0.004434218630194664,0.4099370837211609,0.01539639476686716,0.03309380263090134,0.0,0.10636212676763535,0.0027668853290379047,0.0,0.037137050181627274,0.0,0.0,0.16558927297592163,0.0,0.0,0.0,0.15338276326656342,0.07058807462453842,0.10358524322509766,0.0,0.0,0.030625058338046074,0.0,0.0,0.0,0.0,0.03356799855828285,0.00010508688865229487,1.0209157466888428,0.057581085711717606,0.14809992909431458,0.0,0.0,0.03369599208235741,0.06365042179822922,0.0781865119934082,0.201891228556633,0.043479230254888535,0.18918228149414062,0.00044630328193306923,0.00261356751434505,0.140916645526886,0.0,0.06292358040809631,0.3172840178012848,0.13528020679950714,0.07007724791765213,0.36699432134628296,0.05914915353059769,0.05574788525700569,0.18711431324481964,0.0,0.10181550681591034,0.2294260710477829,0.029445648193359375,0.0,0.0,0.0,0.0,0.011394772678613663,0.0,0.02087203413248062,0.08947935700416565,0.024484070017933846,0.0,0.5397127866744995,0.0,0.016173837706446648,0.2307814210653305,0.00012170753325335681,0.0,0.09061834961175919,0.12268461287021637,4.650791652238695e-06,0.1742405891418457,0.0,0.0,0.002272730926051736
119,0.008135597221553326,0.0,0.25566279888153076,0.0,0.0977250263094902,0.011411753483116627,0.1642577052116394,0.0,0.005555902142077684,0.07798503339290619,0.0,0.31175124645233154,0.032226745039224625,0.06834398210048676,0.005402727052569389,0.10452297329902649,0.10975803434848785,0.17541104555130005,0.26338881254196167,0.0,0.2587115466594696,0.0,0.7321442365646362,0.16309578716754913,0.1534697562456131,0.0,0.3646344840526581,0.12250737100839615,0.273587167263031,0.005588565953075886,0.0,0.3580796718597412,0.3847912549972534,0.1419229507446289,0.0,0.0,1.807069182395935,0.3094635605812073,0.10877128690481186,0.0827188491821289,2.1380066871643066,0.0,0.1989213526248932,0.0,0.0,0.05356312915682793,0.0,0.0,0.439192533493042,0.12008587270975113,0.0,0.003348881145939231,0.4202817678451538,0.01500437781214714,0.04758964851498604,0.0,0.13692045211791992,0.0015900543658062816,0.0,0.03145253658294678,0.0,0.0,0.1678917407989502,0.0,0.0,0.0,0.1458987593650818,0.1275208592414856,0.1534978747367859,0.0,0.0,0.01894458942115307,0.0,0.0,0.0,0.0,0.020159931853413582,0.0,1.248841404914856,0.08751115947961807,0.24299243092536926,0.0,0.0,0.07840771973133087,0.07852553576231003,0.10373911261558533,0.27162420749664307,0.07610315829515457,0.22361509501934052,6.762603879906237e-05,0.0045844316482543945,0.1799524873495102,0.0,0.0694078654050827,0.2981053590774536,0.17909765243530273,0.13326707482337952,0.40736299753189087,0.0684991329908371,0.05860481038689613,0.23458388447761536,0.0,0.10704325139522552,0.2636256217956543,0.04109960421919823,0.0,0.0,0.0,0.0,0.013736276887357235,0.0,0.015093796886503696,0.1115567535161972,0.030115434899926186,0.0,0.6439708471298218,0.0,0.054251108318567276,0.32386887073516846,0.00019227605662308633,0.0,0.09211888164281845,0.1890818476676941,0.00026688294019550085,0.21123473346233368,0.0,0.0,0.003995263949036598
120,0.007786352653056383,0.0,0.3168516755104065,0.0,0.08262290805578232,0.012624046765267849,0.1940937042236328,0.0,0.004278105683624744,0.06277300417423248,0.0,0.3651447296142578,0.03561339154839516,0.03420313075184822,0.004182372707873583,0.1430577039718628,0.09516053646802902,0.1458221673965454,0.29346126317977905,0.0,0.3020966947078705,0.0,0.7373239398002625,0.13843946158885956,0.13417014479637146,0.0,0.270614355802536,0.11599628627300262,0.27306458353996277,0.005457081366330385,0.0,0.39100226759910583,0.41361919045448303,0.10139197111129761,0.0,0.0,1.9158371686935425,0.3306209146976471,0.1417107880115509,0.06970576196908951,2.317528486251831,0.0,0.20170028507709503,0.0,0.0,0.06009241193532944,0.0,0.0,0.41264423727989197,0.09622157365083694,0.0,0.0017058333614841104,0.48371627926826477,0.015526977367699146,0.02603183500468731,0.0,0.1275101751089096,0.0021935487166047096,0.0,0.04300383850932121,0.0,0.0,0.17942440509796143,0.0,0.0,0.0,0.17473380267620087,0.09451886266469955,0.12340320646762848,0.0,0.0,0.02823999710381031,0.0,0.0,0.0,0.0,0.025422241538763046,1.0953984883599333e-06,1.3501311540603638,0.045510079711675644,0.2609493136405945,0.0,0.0,0.0535905621945858,0.08633261173963547,0.07921498268842697,0.2717200219631195,0.05222873017191887,0.2422192394733429,0.0,0.002078527584671974,0.16667814552783966,0.0,0.06807679682970047,0.35718342661857605,0.18956807255744934,0.13704578578472137,0.4545753300189972,0.06820590794086456,0.051533401012420654,0.24398429691791534,0.0,0.0978103056550026,0.2719014286994934,0.03253508359193802,0.0,0.0,0.0,0.0,0.01319368276745081,0.0,0.017245974391698837,0.1314234882593155,0.018015500158071518,0.0,0.722419261932373,0.0,0.03562922030687332,0.3848869502544403,0.0002269933611387387,0.0,0.09933606535196304,0.2467796504497528,0.0,0.20289380848407745,0.0,0.0,0.003413942875340581
121,0.014047154225409031,0.0,0.16328206658363342,0.0,0.07242349535226822,0.02168920263648033,0.13971969485282898,0.0,0.013025583699345589,0.04355081170797348,0.0,0.21694804728031158,0.03756445646286011,0.052254971116781235,0.0029278399888426065,0.06578554213047028,0.06324847042560577,0.11708696186542511,0.2363833338022232,0.0,0.14937344193458557,0.0,0.614132821559906,0.096116803586483,0.08933890610933304,0.0,0.235325887799263,0.10430794209241867,0.21288207173347473,0.005559542682021856,0.0,0.270205557346344,0.2620878219604492,0.11619048565626144,0.0,0.0,1.3508633375167847,0.1788264364004135,0.0978706032037735,0.06492186337709427,1.5016813278198242,0.0,0.14643318951129913,0.0,0.0,0.03572296351194382,0.0,0.0,0.30154746770858765,0.09799937903881073,0.0,0.0046693854965269566,0.3383360207080841,0.011869204230606556,0.03527459129691124,0.0,0.09076042473316193,0.006308162119239569,0.0,0.042131390422582626,0.0,0.0,0.13124828040599823,0.0,0.0,0.0,0.13141509890556335,0.06143707409501076,0.08175066858530045,0.0,0.0,0.028027089312672615,0.0,0.0,0.0,0.0,0.029384097084403038,0.0,0.8649865388870239,0.04771868512034416,0.0994049683213234,0.0,0.0,0.023119693621993065,0.06560694426298141,0.08122263848781586,0.16580095887184143,0.030197810381650925,0.1359262764453888,0.0003460958250798285,0.005062886513769627,0.1106739416718483,0.0,0.048509977757930756,0.24819377064704895,0.11447755992412567,0.04965052381157875,0.3013518154621124,0.04331398010253906,0.05479332059621811,0.1718999147415161,0.0,0.0633724182844162,0.19653339684009552,0.029123200103640556,0.0,0.0,0.0,0.0,0.009174207225441933,0.0,0.014227062463760376,0.06797318160533905,0.02400289475917816,0.0,0.43245187401771545,0.0,0.0066991341300308704,0.15729276835918427,7.596708746859804e-05,0.0,0.07586333900690079,0.07236061990261078,0.0,0.1421257108449936,0.0,0.0,0.0033778122160583735
122,0.007302593439817429,0.0,0.17425793409347534,0.0,0.06889736652374268,0.013611067086458206,0.11799430102109909,0.0,0.005748205352574587,0.0429583378136158,0.0,0.19928331673145294,0.03137189894914627,0.04444572702050209,0.005111311096698046,0.06150173023343086,0.060562025755643845,0.11085748672485352,0.2149949073791504,0.0,0.16946397721767426,0.0,0.5486677885055542,0.08866312354803085,0.08584406226873398,0.0,0.2467385083436966,0.09521006792783737,0.20039547979831696,0.006732556503266096,0.0,0.22640655934810638,0.22551532089710236,0.1200166642665863,0.0,0.0,1.2045782804489136,0.17995209991931915,0.1130584105849266,0.06260255724191666,1.3710497617721558,0.0,0.1190391257405281,0.0,0.0,0.029957735911011696,0.0,0.0,0.3073936998844147,0.10277614742517471,0.0,0.0010734525276347995,0.28789791464805603,0.015183694660663605,0.02023632824420929,0.0,0.09014412015676498,0.0021928816568106413,0.0,0.03648008033633232,0.0,0.0,0.12377527356147766,0.0,0.0,0.0,0.11583159118890762,0.06922811269760132,0.08476141840219498,0.0,0.0,0.022158697247505188,0.0,0.0,0.0,0.0,0.032813843339681625,3.535424548317678e-05,0.7671969532966614,0.04685308039188385,0.11569389700889587,0.0,0.0,0.020851993933320045,0.05030161142349243,0.08854955434799194,0.14278335869312286,0.02387049049139023,0.15515179932117462,0.00037153298035264015,0.00665102107450366,0.10597199201583862,0.0,0.0452284999191761,0.20842568576335907,0.11034557968378067,0.0690523013472557,0.29150593280792236,0.046198371797800064,0.04618389904499054,0.16259755194187164,0.0,0.06536702066659927,0.17878001928329468,0.036247193813323975,0.0,0.0,0.0,0.0,0.010298504494130611,0.0,0.010455402545630932,0.06820015609264374,0.016628535464406013,0.0,0.4337542951107025,0.0,0.014089367352426052,0.18236662447452545,0.00014113106590230018,0.0,0.08658500760793686,0.09550856798887253,0.0,0.13619758188724518,0.0,0.0,0.0019801834132522345
123,0.02533476985991001,0.0,0.15619471669197083,0.0,0.06496503204107285,0.015542850829660892,0.15489673614501953,0.0,0.02498355135321617,0.03017536923289299,0.0,0.20954164862632751,0.05986368656158447,0.041920941323041916,0.0033681236673146486,0.051316261291503906,0.07174363732337952,0.1294853389263153,0.2644849121570587,0.0,0.2174358069896698,0.0,0.6458532214164734,0.07049285620450974,0.09266889840364456,0.0,0.22106285393238068,0.12893570959568024,0.21726417541503906,0.009200474247336388,0.0,0.2648949921131134,0.29733332991600037,0.1483270823955536,0.0,0.0,1.3559823036193848,0.22536832094192505,0.11904356628656387,0.06151220202445984,1.5300267934799194,0.0,0.15975631773471832,0.0,0.0,0.031877391040325165,0.0,0.0,0.3560402989387512,0.13441431522369385,0.0,0.010143138468265533,0.3241163194179535,0.01441054418683052,0.009573213756084442,0.0,0.119074746966362,0.004110646899789572,0.0,0.031797826290130615,0.0,0.0,0.14929674565792084,0.0,0.0,0.0,0.1537247747182846,0.033561404794454575,0.055056288838386536,0.0,0.0,0.023916130885481834,0.0,0.0,0.0,0.0,0.031695328652858734,1.4057395674171858e-06,0.8492721915245056,0.03459965065121651,0.0796070247888565,0.0,0.0,0.01072825025767088,0.07455454766750336,0.08729284256696701,0.16030260920524597,0.024497125297784805,0.15949693322181702,0.00036796386120840907,0.0067513203248381615,0.12293623387813568,0.0,0.05998797342181206,0.26852330565452576,0.12120060622692108,0.053432658314704895,0.2995210289955139,0.05318529158830643,0.0672457367181778,0.20300039649009705,0.0,0.07573907822370529,0.2124265432357788,0.04932991787791252,0.0,0.0,0.0,0.0,0.004181551281362772,0.0,0.0061966655775904655,0.06678721308708191,0.012422176077961922,0.0,0.4369417428970337,0.0,0.0018688520649448037,0.16124650835990906,7.1129425123217516e-06,0.0,0.1147800087928772,0.08294539153575897,0.0,0.16722264885902405,0.0,0.0,0.005518083460628986
124,0.01756475679576397,0.0,0.16519376635551453,0.0,0.06364473700523376,0.016379155218601227,0.13537849485874176,0.0,0.018462583422660828,0.034039586782455444,0.0,0.20280492305755615,0.050806883722543716,0.040363993495702744,0.00308677414432168,0.04775354638695717,0.0692596286535263,0.12166330218315125,0.2397937923669815,0.0,0.1976865828037262,0.0,0.6019989252090454,0.08166340738534927,0.08544385433197021,0.0,0.23426207900047302,0.11384159326553345,0.21014247834682465,0.007279234007000923,0.0,0.2447812706232071,0.25824832916259766,0.1315431147813797,0.0,0.0,1.2695996761322021,0.2052004337310791,0.11892711371183395,0.06405118107795715,1.4273134469985962,0.0,0.1456303894519806,0.0,0.0,0.03180406615138054,0.0,0.0,0.33400070667266846,0.12992118299007416,0.0,0.005301980301737785,0.3053582012653351,0.014452759176492691,0.013442490249872208,0.0,0.11284326761960983,0.004119704477488995,0.0,0.03468615561723709,0.0,0.0,0.1376708447933197,0.0,0.0,0.0,0.13289323449134827,0.046560078859329224,0.0678509846329689,0.0,0.0,0.020044051110744476,0.0,0.0,0.0,0.0,0.030830660834908485,7.052581349853426e-05,0.8009423613548279,0.04193943738937378,0.09651538729667664,0.0,0.0,0.012557762674987316,0.06547180563211441,0.09544097632169724,0.15078994631767273,0.022964296862483025,0.16526901721954346,0.0003893875691574067,0.007158647757023573,0.111585333943367,0.0,0.05313486605882645,0.23372891545295715,0.11325614154338837,0.05705675110220909,0.2833077609539032,0.04559275135397911,0.057050514966249466,0.19184286892414093,0.0,0.07544242590665817,0.19768095016479492,0.046148575842380524,0.0,0.0,0.0,0.0,0.005133515689522028,0.0,0.008277366869151592,0.06708907335996628,0.013489656150341034,0.0,0.42402270436286926,0.0,0.007412962149828672,0.16072504222393036,0.00018324184929952025,0.0,0.10732235014438629,0.08129018545150757,0.0,0.15343932807445526,0.0,0.0,0.0037870239466428757
125,0.011790025047957897,0.0,0.2832587957382202,0.0,0.09659817069768906,0.021676458418369293,0.16667534410953522,0.0,0.006561156362295151,0.07308340817689896,0.0,0.3119238018989563,0.04239216819405556,0.06628957390785217,0.0050282832235097885,0.09048641473054886,0.12071765214204788,0.16784505546092987,0.2550792992115021,0.0,0.27430179715156555,0.0,0.7832395434379578,0.1746962070465088,0.14502348005771637,0.0,0.37290534377098083,0.11218518763780594,0.2862909734249115,0.006978839635848999,0.0,0.3648339807987213,0.3858059346675873,0.15133637189865112,0.0,0.0,1.8945707082748413,0.3161012828350067,0.14712773263454437,0.08084269613027573,2.252732038497925,0.0,0.21203072369098663,0.0,0.0,0.04909230396151543,0.0,0.0,0.4478462040424347,0.1273335963487625,0.0,0.0025174401234835386,0.4510124921798706,0.014896932058036327,0.048441845923662186,0.0,0.14164219796657562,0.0023810502607375383,0.0,0.04194271191954613,0.0,0.0,0.1734788566827774,0.0,0.0,0.0,0.15524792671203613,0.1280730813741684,0.15222276747226715,0.0,0.0,0.02096291445195675,0.0,0.0,0.0,0.0,0.01904226280748844,0.0,1.3162589073181152,0.08347415924072266,0.2567555010318756,0.0,0.0,0.06790950149297714,0.09368706494569778,0.119602732360363,0.26382020115852356,0.0688186064362526,0.23170103132724762,0.00017220542940776795,0.004883529152721167,0.1533040702342987,0.0,0.07551992684602737,0.2994530498981476,0.17289511859416962,0.13969624042510986,0.41504982113838196,0.05402502045035362,0.0587802492082119,0.2610211670398712,0.0,0.12140712887048721,0.2736322581768036,0.041483838111162186,0.0,0.0,0.0,0.0,0.013770029880106449,0.0,0.011945572681725025,0.10960068553686142,0.026628708466887474,0.0,0.6544308662414551,0.0,0.05977100506424904,0.318091481924057,0.0003187845868524164,0.0,0.0992979183793068,0.18627703189849854,0.0002318007027497515,0.20198456943035126,0.0,0.0,0.004719676915556192
126,0.014575842767953873,0.0,0.26980894804000854,0.0,0.07745984196662903,0.012260622344911098,0.1960989385843277,0.0,0.011766290292143822,0.06668681651353836,0.0,0.31768152117729187,0.044950466603040695,0.06892221421003342,0.0027410336770117283,0.07321174442768097,0.1301114410161972,0.15099579095840454,0.22942368686199188,0.0,0.29797983169555664,0.0,0.7550625801086426,0.15843917429447174,0.13179300725460052,0.0,0.3066927194595337,0.13305583596229553,0.24689194560050964,0.006235531996935606,0.0,0.37255191802978516,0.41382426023483276,0.14584608376026154,0.0,0.0,1.8308629989624023,0.3302944302558899,0.12184368818998337,0.060386575758457184,2.209355592727661,0.0,0.22427302598953247,0.0,0.0,0.04745623096823692,0.0,0.0,0.4265705645084381,0.13671326637268066,0.0,0.005766967311501503,0.45857205986976624,0.012894028797745705,0.048331692814826965,0.0,0.12696439027786255,0.0015315907076001167,0.0,0.03569993004202843,0.0,0.0,0.15091568231582642,0.0,0.0,0.0,0.17060892283916473,0.11458253115415573,0.1404719054698944,0.0,0.0,0.017180638387799263,0.0,0.0,0.0,0.0,0.02056487463414669,4.77192661492154e-05,1.260953426361084,0.05928298085927963,0.22971636056900024,0.0,0.0,0.063570536673069,0.09871990978717804,0.11367543786764145,0.248006671667099,0.06777774542570114,0.21991710364818573,0.0001314837281825021,0.0029411499854177237,0.12823385000228882,0.0,0.0739857405424118,0.30630233883857727,0.188616544008255,0.13846392929553986,0.41009753942489624,0.06617867946624756,0.07619312405586243,0.24068428575992584,0.0,0.1088644415140152,0.2658229470252991,0.03252813592553139,0.0,0.0,0.0,0.0,0.014827967621386051,0.0,0.01313432864844799,0.10826373845338821,0.022367680445313454,0.0,0.6391746401786804,0.0,0.05835980176925659,0.32366684079170227,0.00021410311455838382,0.0,0.09970957040786743,0.1899791657924652,0.0001899943599710241,0.20320579409599304,0.0,5.658314876200166e-06,0.005112219601869583
127,0.021605441346764565,0.0,0.19366036355495453,0.0,0.08012541383504868,0.01337991189211607,0.15023264288902283,0.0,0.018819298595190048,0.05351734533905983,0.0,0.25978538393974304,0.0551765076816082,0.04386664554476738,0.0028530617710202932,0.07789798825979233,0.08009558171033859,0.14936776459217072,0.28837665915489197,0.0,0.22253873944282532,0.0,0.7157793641090393,0.09548907727003098,0.11179684102535248,0.0,0.264441579580307,0.12653450667858124,0.22996735572814941,0.00559480395168066,0.0,0.2978375554084778,0.34877654910087585,0.14660105109214783,0.0,0.0,1.559006690979004,0.26496434211730957,0.10760712623596191,0.06310586631298065,1.772942304611206,0.0,0.18571576476097107,0.0,0.0,0.04119492322206497,0.0,0.0,0.38886791467666626,0.11417883634567261,0.0,0.011522958986461163,0.38327649235725403,0.015031605958938599,0.02669752575457096,0.0,0.12423058599233627,0.0025453842245042324,0.0,0.03457312285900116,0.0,0.0,0.1685713231563568,0.0,0.0,0.0,0.17079342901706696,0.05962299555540085,0.0880134329199791,0.0,0.0,0.023403093218803406,0.0,0.0,0.0,0.0,0.03103007562458515,0.0,1.0227597951889038,0.055543314665555954,0.11329758167266846,0.0,0.0,0.0334506630897522,0.08154431730508804,0.08217363804578781,0.20833739638328552,0.03439131751656532,0.16618262231349945,0.00024508070782758296,0.005102547351270914,0.1440666764974594,0.0,0.06478709727525711,0.2936584949493408,0.1407471001148224,0.06673844903707504,0.33924978971481323,0.07251785695552826,0.06746871769428253,0.20137907564640045,0.0,0.07171135395765305,0.22705182433128357,0.0466887466609478,0.0,0.0,0.0,0.0,0.00643638102337718,0.0,0.011857281439006329,0.07925070077180862,0.02333751879632473,0.0,0.5084819197654724,0.0,0.00929297972470522,0.19622468948364258,0.00013924852828495204,0.0,0.11318128556013107,0.11668433248996735,0.0,0.18691034615039825,0.0,0.0,0.00455412408336997
128,0.00822498556226492,0.0,0.17049892246723175,0.0,0.0657811239361763,0.014762106351554394,0.13062521815299988,0.0,0.008900555782020092,0.040815822780132294,0.0,0.21124818921089172,0.03183942288160324,0.04846232384443283,0.003532430389896035,0.06584993004798889,0.06384805589914322,0.10639900714159012,0.20355133712291718,0.0,0.1886904090642929,0.0,0.5679609179496765,0.09457580000162125,0.08362363278865814,0.0,0.23979075253009796,0.09952594339847565,0.1988593339920044,0.006263099145144224,0.0,0.2449476420879364,0.24951781332492828,0.11215455085039139,0.0,0.0,1.262433409690857,0.18497027456760406,0.09374497830867767,0.06093106046319008,1.4483517408370972,0.0,0.1259908676147461,0.0,0.0,0.035440944135189056,0.0,0.0,0.2983277440071106,0.10578248649835587,0.0,0.002258012071251869,0.316569983959198,0.014819398522377014,0.025172561407089233,0.0,0.08485991507768631,0.003594284178689122,0.0,0.03205067664384842,0.0,0.0,0.11455924808979034,0.0,0.0,0.0,0.12322758138179779,0.0712737962603569,0.09361796826124191,0.0,0.0,0.02512630634009838,0.0,0.0,0.0,0.0,0.030486969277262688,0.0002555556711740792,0.8011537790298462,0.04328102618455887,0.1283721625804901,0.0,0.0,0.022984052076935768,0.059617381542921066,0.0835832878947258,0.14802542328834534,0.02842460758984089,0.16682341694831848,0.000370530120562762,0.0040276083163917065,0.10162429511547089,0.0,0.044487111270427704,0.225625678896904,0.11942224204540253,0.07515154033899307,0.305720716714859,0.05091503635048866,0.054396722465753555,0.15535704791545868,0.0,0.06677736341953278,0.17924436926841736,0.030545635148882866,0.0,0.0,0.0,0.0,0.01065689418464899,0.0,0.012367837131023407,0.06596500426530838,0.01479332335293293,0.0,0.4549226760864258,0.0,0.018531549721956253,0.20492148399353027,0.00011031822941731662,0.0,0.08219412714242935,0.1120838075876236,0.0,0.14631199836730957,0.0,0.0,0.0015672743320465088
129,0.007945111952722073,0.0,0.280983567237854,0.0,0.0927647203207016,0.012270767241716385,0.15950891375541687,0.0,0.006763291545212269,0.06556111574172974,0.0,0.3264375925064087,0.04184942692518234,0.052131012082099915,0.004106844775378704,0.09675481170415878,0.1053302064538002,0.17290841042995453,0.2579777240753174,0.0,0.29005762934684753,0.0,0.73012375831604,0.16490671038627625,0.14353536069393158,0.0,0.3483338952064514,0.11080264300107956,0.2660847008228302,0.006198467221111059,0.0,0.35540348291397095,0.3931347131729126,0.15601925551891327,0.0,0.0,1.8600091934204102,0.32499194145202637,0.13521499931812286,0.0662584975361824,2.2168354988098145,0.0,0.20723165571689606,0.0,0.0,0.05445457994937897,0.0,0.0,0.46608978509902954,0.13822102546691895,0.0,0.0024204652290791273,0.4250251054763794,0.015203001908957958,0.04490579664707184,0.0,0.12987112998962402,0.0028975666500627995,0.0,0.039806656539440155,0.0,0.0,0.1605529934167862,0.0,0.0,0.0,0.14875435829162598,0.12991535663604736,0.1470109224319458,0.0,0.0,0.019041918218135834,0.0,0.0,0.0,0.0,0.023647315800189972,0.0,1.2998764514923096,0.07223811745643616,0.2468528002500534,0.0,0.0,0.0653836652636528,0.07966059446334839,0.12164244800806046,0.26094430685043335,0.062359753996133804,0.2316618114709854,0.0,0.006370384246110916,0.15325485169887543,0.0,0.0618000254034996,0.294115275144577,0.18063843250274658,0.13620205223560333,0.4178563058376312,0.0560222864151001,0.053932882845401764,0.26031994819641113,0.0,0.09837838262319565,0.2695854902267456,0.049310050904750824,0.0,0.0,0.0,0.0,0.012180967256426811,0.0,0.011327754706144333,0.1201295405626297,0.020823640748858452,0.0,0.6578161120414734,0.0,0.0521414577960968,0.33823850750923157,0.0001138054794864729,0.0,0.10239507257938385,0.19899365305900574,0.00010381733591202646,0.20180633664131165,0.0,0.0,0.004600521642714739
130,0.007865536026656628,0.0,0.304991751909256,0.0,0.09769275039434433,0.013853976503014565,0.1708223819732666,0.0,0.007315583527088165,0.07116244733333588,0.0,0.34993991255760193,0.0384024940431118,0.04606671258807182,0.0056042918004095554,0.11828102171421051,0.10289803892374039,0.16615037620067596,0.281378835439682,0.0,0.2915365993976593,0.0,0.7355507016181946,0.1455390751361847,0.1480053961277008,0.0,0.31354424357414246,0.11196189373731613,0.264411062002182,0.004451902117580175,0.0,0.361036092042923,0.4123658537864685,0.1346885859966278,0.0,0.0,1.8951570987701416,0.34137600660324097,0.14180025458335876,0.0774027481675148,2.2692227363586426,0.0,0.22000309824943542,0.0,0.0,0.05549689009785652,0.0,0.0,0.45217037200927734,0.11544732749462128,0.0,0.0029484201222658157,0.45326298475265503,0.014958116225898266,0.03899660333991051,0.0,0.12940998375415802,0.0013651346089318395,0.0,0.04624650999903679,0.0,0.0,0.17172862589359283,0.0,0.0,0.0,0.16278555989265442,0.11304587870836258,0.14223937690258026,0.0,0.0,0.021173864603042603,0.0,0.0,0.0,0.0,0.024447748437523842,0.0,1.3241111040115356,0.07310275733470917,0.2549556791782379,0.0,0.0,0.06580084562301636,0.09025920927524567,0.10129185020923615,0.2776501476764679,0.049789879471063614,0.22990843653678894,0.0,0.003860409138724208,0.1618359386920929,0.0,0.065874382853508,0.3097231984138489,0.19210566580295563,0.13280387222766876,0.43327656388282776,0.06683729588985443,0.055119071155786514,0.251123309135437,0.0,0.08956749737262726,0.26722559332847595,0.03982092812657356,0.0,0.0,0.0,0.0,0.014587877318263054,0.0,0.015187540091574192,0.12252962589263916,0.02579859271645546,0.0,0.6905087232589722,0.0,0.04180239513516426,0.35423317551612854,0.00023170048370957375,0.0,0.10091712325811386,0.22407247126102448,2.666097498149611e-05,0.20385988056659698,0.0,0.0,0.003670947626233101
131,0.010788013227283955,0.0,0.28006529808044434,0.0,0.10468585789203644,0.023372415453195572,0.16998229920864105,0.0,0.006325812079012394,0.07678122818470001,0.0,0.322184294462204,0.04469258338212967,0.07572256028652191,0.003008840838447213,0.09339552372694016,0.11820020526647568,0.1727902591228485,0.2614196836948395,0.0,0.2623170018196106,0.0,0.7857030630111694,0.16873598098754883,0.14422743022441864,0.0,0.3431032598018646,0.11574746668338776,0.2771832346916199,0.0067326077260077,0.0,0.37183597683906555,0.40636110305786133,0.15105390548706055,0.0,0.0,1.9363224506378174,0.31277182698249817,0.1378966122865677,0.07465726882219315,2.291382074356079,0.0,0.2149827480316162,0.0,0.0,0.054132916033267975,0.0,0.0,0.44989365339279175,0.11157549917697906,0.0,0.006076160818338394,0.4699297547340393,0.013843751512467861,0.06051415205001831,0.0,0.13108451664447784,0.005550271365791559,0.0,0.04539433494210243,0.0,0.0,0.161859393119812,0.0,0.0,0.0,0.16134507954120636,0.13144659996032715,0.14685729146003723,0.0,0.0,0.02366083860397339,0.0,0.0,0.0,0.0,0.020124731585383415,0.0,1.3500877618789673,0.08160550892353058,0.24728688597679138,0.0,0.0,0.07043939083814621,0.09258031845092773,0.11154454201459885,0.2723389267921448,0.06711191684007645,0.2061551809310913,0.00012529005471151322,0.0031653516925871372,0.1492343246936798,0.0,0.0756647139787674,0.31239908933639526,0.17525546252727509,0.12705937027931213,0.4225652515888214,0.054446857422590256,0.061969101428985596,0.24517662823200226,0.0,0.10347838699817657,0.27354830503463745,0.03451219201087952,0.0,0.0,0.0,0.0,0.015750963240861893,0.0,0.017028722912073135,0.11777730286121368,0.030926955863833427,0.0,0.6549520492553711,0.0,0.06137954816222191,0.3077216148376465,0.0002213555562775582,0.0,0.08996406942605972,0.18119454383850098,0.00019719544798135757,0.20072562992572784,0.0,0.0,0.00669401278719306
132,0.021166831254959106,0.0,0.23537416756153107,0.0,0.08540035039186478,0.01042575016617775,0.18861021101474762,0.0,0.026053136214613914,0.06502489000558853,0.0,0.3029782772064209,0.04372743144631386,0.05758516117930412,0.003242031903937459,0.08424448221921921,0.11175783723592758,0.16186751425266266,0.30790913105010986,0.0,0.28159675002098083,0.0,0.8278242945671082,0.12316735833883286,0.142852783203125,0.0,0.3408817946910858,0.12604457139968872,0.28505823016166687,0.005242787767201662,0.0,0.3626374900341034,0.43409228324890137,0.17372970283031464,0.0,0.0,1.8486409187316895,0.34035956859588623,0.13128356635570526,0.0808456540107727,2.1705048084259033,0.0,0.2182985097169876,0.0,0.0,0.045105066150426865,0.0,0.0,0.47620275616645813,0.12872417271137238,0.0,0.009763834998011589,0.44159016013145447,0.01162069570273161,0.027309158816933632,0.0,0.14538615942001343,0.0001978870714083314,0.0,0.03454294800758362,0.0,0.0,0.19053809344768524,0.0,0.0,0.0,0.18845845758914948,0.08107468485832214,0.11354610323905945,0.0,0.0,0.02352556586265564,0.0,0.0,0.0,0.0,0.023171961307525635,0.0,1.2549923658370972,0.07341932505369186,0.16659723222255707,0.0,0.0,0.055120259523391724,0.0931214913725853,0.1082344725728035,0.2613208591938019,0.057490747421979904,0.2020653486251831,0.0002642633335199207,0.005457832012325525,0.16882354021072388,0.0,0.07227926701307297,0.3372310698032379,0.1676502674818039,0.11212751269340515,0.3846781551837921,0.07073155045509338,0.07331224530935287,0.2551417350769043,0.0,0.10201263427734375,0.2625991106033325,0.053345028311014175,0.0,0.0,0.0,0.0,0.00859194528311491,0.0,0.011509132571518421,0.08954479545354843,0.028439722955226898,0.0,0.6034688949584961,0.0,0.025879666209220886,0.2437896579504013,0.0002562046574894339,0.0,0.12576664984226227,0.15916316211223602,0.00010771971574285999,0.22637002170085907,0.0,0.0,0.002573011675849557
133,0.019444139674305916,0.0,0.21756334602832794,0.0,0.08380690217018127,0.011927428655326366,0.15602265298366547,0.0,0.016752833500504494,0.061069589108228683,0.0,0.27589675784111023,0.05440347269177437,0.03624267503619194,0.004233289044350386,0.09371534734964371,0.08818525820970535,0.15674446523189545,0.3022232949733734,0.0,0.24178342521190643,0.0,0.7366337776184082,0.101863332092762,0.11928854137659073,0.0,0.2970677316188812,0.12085594981908798,0.2538233995437622,0.007683565374463797,0.0,0.31296250224113464,0.35880446434020996,0.14478415250778198,0.0,0.0,1.6260021924972534,0.285491943359375,0.11982512474060059,0.07066769152879715,1.8497424125671387,0.0,0.19522471725940704,0.0,0.0,0.04181213304400444,0.0,0.0,0.4032348096370697,0.12557357549667358,0.0,0.008432947099208832,0.39668917655944824,0.011712462641298771,0.020971864461898804,0.0,0.13951265811920166,0.0025573044549673796,0.0,0.03462947905063629,0.0,0.0,0.18887509405612946,0.0,0.0,0.0,0.16220994293689728,0.06716523319482803,0.09883292764425278,0.0,0.0,0.019936135038733482,0.0,0.0,0.0,0.0,0.017977463081479073,0.0,1.0731247663497925,0.06848570704460144,0.14807258546352386,0.0,0.0,0.040997132658958435,0.08189418911933899,0.08995884656906128,0.2282460480928421,0.0328676700592041,0.20052789151668549,0.00029973057098686695,0.002119923708960414,0.16246846318244934,0.0,0.06793373078107834,0.2918374538421631,0.15085069835186005,0.07916044443845749,0.34701788425445557,0.0727817490696907,0.060240525752305984,0.22767174243927002,0.0,0.07812472432851791,0.2323710173368454,0.048517048358917236,0.0,0.0,0.0,0.0,0.006097452249377966,0.0,0.008590196259319782,0.07979985326528549,0.022638866677880287,0.0,0.5544900894165039,0.0,0.01330567430704832,0.23171491920948029,0.0002283251960761845,0.0,0.11761423200368881,0.14620254933834076,0.0,0.1950097680091858,0.0,0.0,0.0049746353179216385
134,0.01381522323936224,0.0,0.20841515064239502,0.0,0.07899665087461472,0.00943019613623619,0.18848808109760284,0.0,0.030379286035895348,0.05708160996437073,0.0,0.2713549733161926,0.030788300558924675,0.06081843376159668,0.003015858354046941,0.058902934193611145,0.09788057208061218,0.12369764596223831,0.27860674262046814,0.0,0.24353891611099243,0.0,0.7188262343406677,0.09791278839111328,0.12176736444234848,0.0,0.27444079518318176,0.10761699080467224,0.24305157363414764,0.003986881580203772,0.0,0.317477285861969,0.3976222276687622,0.14284195005893707,0.0,0.0,1.6044511795043945,0.2939435541629791,0.129721999168396,0.09006332606077194,1.8862991333007812,0.0,0.18791018426418304,0.0,0.0,0.03826868161559105,0.0,0.0,0.4139922559261322,0.1020410880446434,0.0,0.00661360053345561,0.40324079990386963,0.01383186411112547,0.025192437693476677,0.0,0.11358266323804855,0.0016720040002837777,0.0,0.03480968996882439,0.0,0.0,0.1674337536096573,0.0,0.0,0.0,0.1914280652999878,0.05835050344467163,0.09073587507009506,0.0,0.0,0.021693281829357147,0.0,0.0,0.0,0.0,0.030989574268460274,0.0,1.064265251159668,0.056292325258255005,0.12627612054347992,0.0,0.0,0.030205518007278442,0.08960821479558945,0.09800053387880325,0.2291000932455063,0.04059142991900444,0.17158104479312897,0.00040082994382828474,0.004629700444638729,0.13887366652488708,0.0,0.06034350022673607,0.3187759816646576,0.15519176423549652,0.08045760542154312,0.33886659145355225,0.05958041548728943,0.08682581037282944,0.22361235320568085,0.0,0.08755198866128922,0.2250961810350418,0.04042297601699829,0.0,0.0,0.0,0.0,0.008850499987602234,0.0,0.015574361197650433,0.08293037861585617,0.03842143714427948,0.0,0.5178696513175964,0.0,0.01435258612036705,0.1994229555130005,5.671978942700662e-05,0.0,0.11332731693983078,0.12119046598672867,9.498465260548983e-06,0.20371460914611816,0.0,0.0,0.0027294913306832314
135,0.023342957720160484,0.0,0.2078077346086502,0.0,0.07848896831274033,0.011202766560018063,0.1628984957933426,0.0,0.027322150766849518,0.054027825593948364,0.0,0.278160959482193,0.044843316078186035,0.045431461185216904,0.0026588605251163244,0.07217415422201157,0.09301022440195084,0.14875052869319916,0.291666716337204,0.0,0.2512325048446655,0.0,0.7503731846809387,0.09695568680763245,0.11820585280656815,0.0,0.2716202139854431,0.11983940005302429,0.2438184767961502,0.0057297623716294765,0.0,0.31465062499046326,0.4009115397930145,0.1660805195569992,0.0,0.0,1.6557025909423828,0.30235862731933594,0.11906296014785767,0.06882082670927048,1.9244203567504883,0.0,0.19100283086299896,0.0,0.0,0.037829626351594925,0.0,0.0,0.43290770053863525,0.1114373430609703,0.0,0.010460796765983105,0.40420687198638916,0.01333740446716547,0.026074454188346863,0.0,0.11858981102705002,0.0016420200699940324,0.0,0.036144789308309555,0.0,0.0,0.17056132853031158,0.0,0.0,0.0,0.1929568499326706,0.06388796120882034,0.0901728942990303,0.0,0.0,0.023466385900974274,0.0,0.0,0.0,0.0,0.02719861827790737,0.0,1.1104129552841187,0.05693933367729187,0.1208946704864502,0.0,0.0,0.031461697071790695,0.08768398314714432,0.09348404407501221,0.2255801409482956,0.03613831102848053,0.16627082228660583,0.00031735553056932986,0.005428055301308632,0.14545823633670807,0.0,0.06262051314115524,0.3112943470478058,0.15105102956295013,0.0768653079867363,0.3524995744228363,0.07123073935508728,0.07010691612958908,0.22429108619689941,0.0,0.07359262555837631,0.23099267482757568,0.05033179000020027,0.0,0.0,0.0,0.0,0.006800355855375528,0.0,0.011175215244293213,0.08274019509553909,0.024609996005892754,0.0,0.5345145463943481,0.0,0.013567295856773853,0.20564055442810059,0.00013554342149291188,0.0,0.12244587391614914,0.13237139582633972,0.0,0.1999785453081131,0.0,0.0,0.003167036222293973
136,0.011355101130902767,0.0,0.24858196079730988,0.0,0.10088171809911728,0.02205551415681839,0.17227408289909363,0.0,0.009430091828107834,0.07331369817256927,0.0,0.3018045425415039,0.04110335186123848,0.0873279795050621,0.0034570451825857162,0.08396508544683456,0.11630115658044815,0.16323457658290863,0.26195228099823,0.0,0.2391028106212616,0.0,0.8085331320762634,0.16697002947330475,0.1404852271080017,0.0,0.35938572883605957,0.1179245188832283,0.27856549620628357,0.0046666343696415424,0.0,0.36202389001846313,0.3789369463920593,0.15871281921863556,0.0,0.0,1.8817224502563477,0.2907779812812805,0.12682197988033295,0.0813397765159607,2.1890909671783447,0.0,0.200292706489563,0.0,0.0,0.05472143366932869,0.0,0.0,0.4300795793533325,0.11002136021852493,0.0,0.006945226341485977,0.45989859104156494,0.013050689361989498,0.055769629776477814,0.0,0.1399405300617218,0.006575003266334534,0.0,0.042119868099689484,0.0,0.0,0.15831466019153595,0.0,0.0,0.0,0.1506853997707367,0.12244943529367447,0.14018142223358154,0.0,0.0,0.024928946048021317,0.0,0.0,0.0,0.0,0.024005141109228134,0.0,1.2705113887786865,0.08588293194770813,0.22370558977127075,0.0,0.0,0.06951043754816055,0.08793707937002182,0.10708606243133545,0.254643976688385,0.07249023765325546,0.19469717144966125,0.0002737744653131813,0.0033701418433338404,0.14414070546627045,0.0,0.07893206924200058,0.3091781735420227,0.15716508030891418,0.1192060187458992,0.4063286781311035,0.055740781128406525,0.06323014944791794,0.23067250847816467,0.0,0.10864622890949249,0.26063552498817444,0.031055456027388573,0.0,0.0,0.0,0.0,0.014883050695061684,0.0,0.01681184023618698,0.10522622615098953,0.03670794516801834,0.0,0.6198450326919556,0.0,0.058933455497026443,0.2669781446456909,0.00021738948998972774,0.0,0.08802305907011032,0.15041664242744446,0.00027578818844631314,0.19884666800498962,0.0,0.0,0.005352651700377464
137,0.011557287536561489,0.0,0.2937079071998596,0.0,0.08691807836294174,0.012113447301089764,0.171102836728096,0.0,0.011134790256619453,0.0658031478524208,0.0,0.34146517515182495,0.045333776623010635,0.048877689987421036,0.0018826305167749524,0.0972822830080986,0.11378069221973419,0.17217829823493958,0.2666488587856293,0.0,0.31074830889701843,0.0,0.7684170007705688,0.15870368480682373,0.14287415146827698,0.0,0.3188672363758087,0.12070596218109131,0.2588931918144226,0.0058399164117872715,0.0,0.37679409980773926,0.4230611026287079,0.15734334290027618,0.0,0.0,1.9345396757125854,0.3528338372707367,0.13291339576244354,0.05994667857885361,2.3282415866851807,0.0,0.22855107486248016,0.0,0.0,0.05891304090619087,0.0,0.0,0.47028014063835144,0.1453155130147934,0.0,0.0027396806981414557,0.45639315247535706,0.014321471564471722,0.043225426226854324,0.0,0.13238738477230072,0.0015621092170476913,0.0,0.0382784828543663,0.0,0.0,0.1636892408132553,0.0,0.0,0.0,0.16911305487155914,0.12257683277130127,0.14630098640918732,0.0,0.0,0.01975279115140438,0.0,0.0,0.0,0.0,0.02418888732790947,0.0,1.3612438440322876,0.06412478536367416,0.24277055263519287,0.0,0.0,0.06119995936751366,0.09787861257791519,0.11285730451345444,0.2648898661136627,0.060034725815057755,0.2250259965658188,6.061620752007002e-06,0.005520928185433149,0.14632897078990936,0.0,0.0636700913310051,0.3120401203632355,0.1887362003326416,0.1310504525899887,0.429961621761322,0.06561595946550369,0.05509888753294945,0.26742857694625854,0.0,0.09108167141675949,0.27777838706970215,0.047445010393857956,0.0,0.0,0.0,0.0,0.011018016375601292,0.0,0.012134412303566933,0.12289212644100189,0.01769520714879036,0.0,0.6785245537757874,0.0,0.04607485607266426,0.3467181622982025,0.0001220659032696858,0.0,0.11349726468324661,0.20398490130901337,7.508500857511535e-05,0.2079981118440628,0.0,0.0,0.0044170827604830265
138,0.03481372818350792,0.0,0.2196105420589447,0.0,0.07856716960668564,0.012386348098516464,0.14635471999645233,0.0,0.015528310090303421,0.0576712004840374,0.0,0.25145697593688965,0.04448128491640091,0.04479359835386276,0.0031894647981971502,0.18068091571331024,0.10872791707515717,0.10803385823965073,0.2839996814727783,0.0,0.20481550693511963,0.0,0.705904483795166,0.10408702492713928,0.124199278652668,0.0,0.20759925246238708,0.13393494486808777,0.16548369824886322,0.002885190537199378,0.0,0.3088226020336151,0.40923741459846497,0.11226561665534973,0.0,0.0,1.696001410484314,0.271841824054718,0.090463787317276,0.06001652777194977,1.9614818096160889,0.0,0.1502525955438614,0.0,0.0,0.05635994300246239,0.0,0.0,0.3582304120063782,0.08171721547842026,0.0,0.008751788176596165,0.50711989402771,0.01240369863808155,0.03561645746231079,0.0,0.11891546100378036,0.004970373585820198,0.0,0.03775225952267647,0.0,0.0,0.17425096035003662,0.0,0.0,0.0,0.16155485808849335,0.053084395825862885,0.06513384729623795,0.0,0.0,0.01751674711704254,0.0,0.0,0.0,0.0,0.020648270845413208,0.0,1.1524174213409424,0.049986954778432846,0.14567610621452332,0.0,0.0,0.018561603501439095,0.11622075736522675,0.05967211723327637,0.3265302777290344,0.041609711945056915,0.16015392541885376,0.00024701550137251616,0.0020363081712275743,0.23266470432281494,0.0,0.059946417808532715,0.31068500876426697,0.12907691299915314,0.06814894080162048,0.32955655455589294,0.09665954858064651,0.06783358752727509,0.1870923489332199,0.0,0.06614860892295837,0.1863919198513031,0.01493521872907877,0.0,0.0,0.0,0.0,0.006806778721511364,0.0,0.02411019243299961,0.0857643187046051,0.05695083364844322,0.0,0.5519142746925354,0.0,0.025681067258119583,0.22704891860485077,0.0,0.0,0.084812693297863,0.15347032248973846,4.955362328473711e-06,0.17643067240715027,0.0,0.0,0.0031120283529162407
139,0.01327149011194706,0.0,0.26568982005119324,0.0,0.08768422901630402,0.014781279489398003,0.17834195494651794,0.0,0.011129068210721016,0.06551484763622284,0.0,0.3129054307937622,0.04678838700056076,0.06338164210319519,0.003504239022731781,0.07946270704269409,0.11699601262807846,0.15794365108013153,0.2547284960746765,0.0,0.27811652421951294,0.0,0.7806240320205688,0.15996620059013367,0.13698157668113708,0.0,0.335182249546051,0.11967100948095322,0.27249306440353394,0.0053277877159416676,0.0,0.359988808631897,0.38870635628700256,0.15345610678195953,0.0,0.0,1.8483941555023193,0.3146957457065582,0.1345568597316742,0.07182636111974716,2.174691677093506,0.0,0.21403810381889343,0.0,0.0,0.04781537130475044,0.0,0.0,0.4349558353424072,0.13524752855300903,0.0,0.005201003979891539,0.44386929273605347,0.013140012510120869,0.04315997660160065,0.0,0.13939103484153748,0.0019102009246125817,0.0,0.038175035268068314,0.0,0.0,0.16317424178123474,0.0,0.0,0.0,0.15815536677837372,0.10938648134469986,0.13406673073768616,0.0,0.0,0.018812019377946854,0.0,0.0,0.0,0.0,0.02390536293387413,0.0,1.25459623336792,0.07130680978298187,0.22213733196258545,0.0,0.0,0.055782806128263474,0.08812769502401352,0.113594651222229,0.24738788604736328,0.06319909542798996,0.21763066947460175,0.0002718456380534917,0.003757086116820574,0.14105838537216187,0.0,0.07202821969985962,0.30216145515441895,0.1707776039838791,0.1254596710205078,0.39936286211013794,0.05756072327494621,0.06550601124763489,0.24992139637470245,0.0,0.10982300341129303,0.26641130447387695,0.04034430533647537,0.0,0.0,0.0,0.0,0.012577900663018227,0.0,0.012863144278526306,0.10198155790567398,0.02581532672047615,0.0,0.6256773471832275,0.0,0.04686885327100754,0.29343709349632263,0.00014698549057357013,0.0,0.10328332334756851,0.16840317845344543,0.0002272859710501507,0.2000560462474823,0.0,0.0,0.005232051946222782
140,0.02607125975191593,0.0,0.18733471632003784,0.0,0.0924069955945015,0.012331188656389713,0.15986619889736176,0.0,0.024773335084319115,0.0826924666762352,0.0,0.2243419736623764,0.05004192516207695,0.04261818900704384,0.0077783772721886635,0.11772143840789795,0.08486970514059067,0.14363282918930054,0.340165913105011,0.0,0.1914987862110138,0.0,0.7283647060394287,0.08366484194993973,0.13579049706459045,0.0,0.25213220715522766,0.14526328444480896,0.28688979148864746,0.0054848212748765945,0.0,0.3356648087501526,0.36089858412742615,0.12314458936452866,0.0,0.0,1.5912531614303589,0.23471815884113312,0.105533666908741,0.07906264066696167,1.7449556589126587,0.0,0.17702160775661469,0.0,0.0,0.05586326867341995,0.0,0.0,0.368673712015152,0.10733248293399811,0.0,0.010069246403872967,0.39849182963371277,0.013404757715761662,0.016064971685409546,0.0,0.13788001239299774,0.0019350318470969796,0.0,0.03308631107211113,0.0,0.0,0.2035861611366272,0.0,0.0,0.0,0.16073425114154816,0.03592495247721672,0.08531855791807175,0.0,0.0,0.024380020797252655,0.0,0.0,0.0,0.0,0.02955775521695614,0.0,1.017683506011963,0.08076542615890503,0.12779492139816284,0.0,0.0,0.05317779630422592,0.07667453587055206,0.07606403529644012,0.26121985912323,0.02846209518611431,0.1752033531665802,0.00037177008925937116,0.005788138136267662,0.19490554928779602,0.0,0.07140945643186569,0.329041451215744,0.13020628690719604,0.05342714488506317,0.32306107878685,0.07469352334737778,0.06849053502082825,0.22823166847229004,0.0,0.07094434648752213,0.2386837750673294,0.04082012549042702,0.0,0.0,0.0,0.0,0.004767156206071377,0.0,0.01312447339296341,0.07532104849815369,0.033709850162267685,0.0,0.4949432611465454,0.0,0.0029054877813905478,0.18236252665519714,8.821682513371343e-07,0.0,0.103070929646492,0.102132648229599,0.0,0.19714754819869995,0.0,0.0,0.003138045547530055
141,0.011629961431026459,0.0,0.1809626817703247,0.0,0.08998727053403854,0.01568550057709217,0.10778383165597916,0.0,0.005684758070856333,0.054557569324970245,0.0,0.2050253450870514,0.03859201446175575,0.045433539897203445,0.0037031120155006647,0.1004340723156929,0.06470315158367157,0.1222217008471489,0.28575804829597473,0.0,0.14317108690738678,0.0,0.6180810928344727,0.08701633661985397,0.11477120220661163,0.0,0.26891782879829407,0.10836467891931534,0.23417282104492188,0.005497697740793228,0.0,0.2486332207918167,0.25305086374282837,0.11266140639781952,0.0,0.0,1.3651384115219116,0.1875709742307663,0.12325183302164078,0.07831687480211258,1.503570318222046,0.0,0.12262405455112457,0.0,0.0,0.03909935802221298,0.0,0.0,0.3258093297481537,0.08245861530303955,0.0,0.003744881832972169,0.33123740553855896,0.014700585976243019,0.02159179374575615,0.0,0.11337509006261826,0.007533034775406122,0.0,0.04206235334277153,0.0,0.0,0.15628249943256378,0.0,0.0,0.0,0.11242871731519699,0.06277281790971756,0.08232801407575607,0.0,0.0,0.021422814577817917,0.0,0.0,0.0,0.0,0.02435496635735035,0.0,0.8786465525627136,0.07188145071268082,0.12711797654628754,0.0,0.0,0.021952956914901733,0.05187923461198807,0.07595694810152054,0.21098779141902924,0.023952951654791832,0.14718568325042725,0.0004605637805070728,0.004982753191143274,0.16658994555473328,0.0,0.05781587213277817,0.24699270725250244,0.09891951084136963,0.04599080607295036,0.2989587187767029,0.05172637850046158,0.04019873961806297,0.1756267249584198,0.0,0.06962861120700836,0.19183966517448425,0.03389262780547142,0.0,0.0,0.0,0.0,0.009325922466814518,0.0,0.012428119778633118,0.07554459571838379,0.030521299690008163,0.0,0.4536771774291992,0.0,0.006701514590531588,0.17848846316337585,0.0001344316842732951,0.0,0.08376971632242203,0.08166296780109406,0.0,0.15274761617183685,0.0,0.0,0.0037043222691863775
142,0.02072490006685257,0.0,0.24708491563796997,0.0,0.08515419065952301,0.011902591213583946,0.192692369222641,0.0,0.023890675976872444,0.0540585070848465,0.0,0.30248382687568665,0.05006241053342819,0.06729163229465485,0.003407018259167671,0.07269980758428574,0.11859840154647827,0.16201727092266083,0.28529781103134155,0.0,0.295149564743042,0.0,0.8381472826004028,0.14215005934238434,0.1373303085565567,0.0,0.34589508175849915,0.1250842660665512,0.2740825414657593,0.007588041480630636,0.0,0.3649750351905823,0.42363715171813965,0.1925209015607834,0.0,0.0,1.8930354118347168,0.3412972092628479,0.1412542164325714,0.07869501411914825,2.23848819732666,0.0,0.22114567458629608,0.0,0.0,0.04662618041038513,0.0,0.0,0.48507508635520935,0.1434972733259201,0.0,0.00897136703133583,0.4475010931491852,0.013968712650239468,0.032262954860925674,0.0,0.14624753594398499,0.0035532647743821144,0.0,0.039769284427165985,0.0,0.0,0.17182570695877075,0.0,0.0,0.0,0.1817496418952942,0.09066362679004669,0.12132332473993301,0.0,0.0,0.023497741669416428,0.0,0.0,0.0,0.0,0.02408117800951004,1.6761543520260602e-05,1.2738823890686035,0.07097963988780975,0.18358100950717926,0.0,0.0,0.047481171786785126,0.09702114760875702,0.12093684077262878,0.24177765846252441,0.05939653515815735,0.20163537561893463,0.00030765848350711167,0.005716968327760696,0.138888880610466,0.0,0.07339763641357422,0.3276495039463043,0.1665799468755722,0.11459563672542572,0.39441728591918945,0.06381457298994064,0.072484590113163,0.26085546612739563,0.0,0.10579494386911392,0.2684171199798584,0.05092819407582283,0.0,0.0,0.0,0.0,0.00782137829810381,0.0,0.010970931500196457,0.09597118198871613,0.025949258357286453,0.0,0.6031596064567566,0.0,0.036310404539108276,0.25278177857398987,0.0003399881534278393,0.0,0.12337388098239899,0.14818915724754333,0.0001488370035076514,0.21384938061237335,0.0,0.0,0.004148466978222132
143,0.012808428145945072,0.0,0.18503202497959137,0.0,0.06696964800357819,0.02047724649310112,0.1384822428226471,0.0,0.0092455530539155,0.0402284674346447,0.0,0.20299284160137177,0.03933744505047798,0.03961829096078873,0.005688471253961325,0.07388915866613388,0.07039738446474075,0.11209044605493546,0.22653181850910187,0.0,0.20386871695518494,0.0,0.6047042608261108,0.0953875258564949,0.08446907997131348,0.0,0.2525782287120819,0.10125488042831421,0.22228063642978668,0.007098906207829714,0.0,0.258079469203949,0.2397187203168869,0.11147172749042511,0.0,0.0,1.3036736249923706,0.18663515150547028,0.12917055189609528,0.06608936935663223,1.4846011400222778,0.0,0.1256752610206604,0.0,0.0,0.03671962767839432,0.0,0.0,0.3081199824810028,0.1182868704199791,0.0,0.0010293000377714634,0.3302030861377716,0.01668439246714115,0.0170278400182724,0.0,0.10405383259057999,0.003444850444793701,0.0,0.03499417379498482,0.0,0.0,0.14449848234653473,0.0,0.0,0.0,0.13143722712993622,0.0662083551287651,0.09277632087469101,0.0,0.0,0.02687092125415802,0.0,0.0,0.0,0.0,0.032938141375780106,0.000543710426427424,0.8225599527359009,0.04949825257062912,0.15133513510227203,0.0,0.0,0.020470786839723587,0.05353715270757675,0.09290081262588501,0.15353262424468994,0.030340595170855522,0.20257176458835602,0.000452124688308686,0.008938857354223728,0.1090652346611023,0.0,0.053410839289426804,0.24817408621311188,0.12192066758871078,0.08619804680347443,0.31896811723709106,0.04707067087292671,0.05287931486964226,0.18295179307460785,0.0,0.09334541857242584,0.19250397384166718,0.03759274259209633,0.0,0.0,0.0,0.0,0.009348786436021328,0.0,0.00886506773531437,0.0742933377623558,0.014438902027904987,0.0,0.47688716650009155,0.0,0.02442062459886074,0.21700535714626312,0.00019745163444895297,0.0,0.09532536566257477,0.11725311726331711,0.0,0.15809310972690582,0.0,0.0,0.0024065824691206217
144,0.011363472789525986,0.0,0.12821774184703827,0.0,0.05867756903171539,0.014051392674446106,0.11580020934343338,0.0,0.009403950534760952,0.04219832643866539,0.0,0.15336482226848602,0.023130988702178,0.04410003125667572,0.0025424822233617306,0.0430426225066185,0.06029525026679039,0.08364132046699524,0.15968172252178192,0.0,0.14903123676776886,0.0,0.4415932297706604,0.07124429196119308,0.0663347914814949,0.0,0.19910958409309387,0.10651346296072006,0.15061502158641815,0.006956160068511963,0.0,0.1763961911201477,0.18982379138469696,0.09020756930112839,0.0,0.0,0.919152021408081,0.1383797973394394,0.09004143625497818,0.06451204419136047,1.071616291999817,0.0,0.09992174059152603,0.0,0.0,0.028622955083847046,0.0,0.0,0.2347581386566162,0.08385035395622253,0.0,0.001584518002346158,0.2446647435426712,0.012341189198195934,0.01718059368431568,0.0,0.07550004869699478,0.0027710043359547853,0.0,0.026654710993170738,0.0,0.0,0.1027340516448021,0.0,0.0,0.0,0.10133117437362671,0.05484746769070625,0.06568495184183121,0.0,0.0,0.01660088822245598,0.0,0.0,0.0,0.0,0.03356390818953514,0.0,0.5645443797111511,0.04162213206291199,0.10386654734611511,0.0,0.0,0.024443332105875015,0.05541267618536949,0.06908393651247025,0.12606459856033325,0.025856222957372665,0.1489153355360031,0.0004548693250399083,0.006082420703023672,0.09818501025438309,0.0,0.047981128096580505,0.1772211790084839,0.10239151120185852,0.0726076066493988,0.24990016222000122,0.03991822525858879,0.05225120857357979,0.1205921471118927,0.0,0.07272615283727646,0.13733582198619843,0.02752264030277729,0.0,0.0,0.0,0.0,0.013910707086324692,0.0,0.00984340813010931,0.05427446588873863,0.01787625439465046,0.0,0.37460193037986755,0.0,0.016828007996082306,0.15197381377220154,1.5458124835276976e-05,0.0,0.07283905148506165,0.08884493261575699,0.0,0.123347707092762,0.0,0.0,0.0024674227461218834
145,0.008160305209457874,0.0,0.24306252598762512,0.0,0.0840722993016243,0.013144368305802345,0.19074071943759918,0.0,0.004980693571269512,0.05989222973585129,0.0,0.2768656313419342,0.03869609162211418,0.05720926448702812,0.004217925481498241,0.12101388722658157,0.09320010989904404,0.131377175450325,0.29205459356307983,0.0,0.22512413561344147,0.0,0.8066582083702087,0.1354839950799942,0.12954764068126678,0.0,0.36274370551109314,0.12091869860887527,0.30064257979393005,0.007362813223153353,0.0,0.37942177057266235,0.3189676105976105,0.11328428238630295,0.0,0.0,1.8225513696670532,0.2456672191619873,0.13565942645072937,0.0861378088593483,2.0667431354522705,0.0,0.17085011303424835,0.0,0.0,0.0570940263569355,0.0,0.0,0.37155619263648987,0.10815264284610748,0.0,0.0008502212003804743,0.4643476903438568,0.016252977773547173,0.036985237151384354,0.0,0.13781078159809113,0.002307379152625799,0.0,0.0431356355547905,0.0,0.0,0.19378089904785156,0.0,0.0,0.0,0.13819578289985657,0.09560064971446991,0.1179291382431984,0.0,0.0,0.03264463320374489,0.0,0.0,0.0,0.0,0.03396431356668472,0.0,1.1986593008041382,0.07430638372898102,0.20329488813877106,0.0,0.0,0.057770099490880966,0.06330905854701996,0.09133444726467133,0.23586176335811615,0.057952191680669785,0.2411339282989502,0.00019305667956359684,0.003432739991694689,0.17396552860736847,0.0,0.08152686804533005,0.3520166873931885,0.14839458465576172,0.1108183041214943,0.4181000888347626,0.051051314920186996,0.06083620339632034,0.22321437299251556,0.0,0.1342601180076599,0.26040005683898926,0.03716431185603142,0.0,0.0,0.0,0.0,0.013759598135948181,0.0,0.013352499343454838,0.10642354190349579,0.02593962289392948,0.0,0.6339168548583984,0.0,0.03191963955760002,0.26144611835479736,5.9669317124644294e-05,0.0,0.09398674219846725,0.150901660323143,1.5870024071773514e-05,0.19226928055286407,0.0,0.0,0.00217200699262321
146,0.008343912661075592,0.0,0.1996869593858719,0.0,0.08647627383470535,0.017033783718943596,0.12876088917255402,0.0,0.0076699634082615376,0.06268326938152313,0.0,0.23335300385951996,0.03285219147801399,0.04415120556950569,0.004432606045156717,0.07303444296121597,0.06916926801204681,0.1300346404314041,0.26277172565460205,0.0,0.1848151832818985,0.0,0.6250764727592468,0.10194658488035202,0.11665085703134537,0.0,0.3092980980873108,0.09140069037675858,0.2590540945529938,0.0071827503852546215,0.0,0.27255550026893616,0.26432961225509644,0.1036076471209526,0.0,0.0,1.3749971389770508,0.2137535810470581,0.12675048410892487,0.07894213497638702,1.5511499643325806,0.0,0.1646508425474167,0.0,0.0,0.03434085100889206,0.0,0.0,0.33312615752220154,0.10271356254816055,0.0,0.00277055730111897,0.32325318455696106,0.012005425989627838,0.020474566146731377,0.0,0.11756909638643265,0.002412009984254837,0.0,0.0321819894015789,0.0,0.0,0.15593822300434113,0.0,0.0,0.0,0.12334328144788742,0.07153118401765823,0.1048986092209816,0.0,0.0,0.019027329981327057,0.0,0.0,0.0,0.0,0.017073290422558784,0.0,0.9039186835289001,0.06850140541791916,0.13868950307369232,0.0,0.0,0.041893646121025085,0.060092225670814514,0.0972287654876709,0.1934199333190918,0.03508935868740082,0.18124186992645264,0.00029701253515668213,0.003102329559624195,0.1435687094926834,0.0,0.058125078678131104,0.2509517967700958,0.12018430978059769,0.08043637126684189,0.3034113645553589,0.04504208639264107,0.047102272510528564,0.19259947538375854,0.0,0.09249601513147354,0.21543531119823456,0.04198718070983887,0.0,0.0,0.0,0.0,0.013895362615585327,0.0,0.010241652838885784,0.07342808693647385,0.021292664110660553,0.0,0.48043403029441833,0.0,0.013771836645901203,0.21547913551330566,0.00022017148148734123,0.0,0.09859085083007812,0.12168222665786743,2.004461748583708e-05,0.16877715289592743,0.0,0.0,0.003756684483960271
147,0.00832056999206543,0.0,0.23716752231121063,0.0,0.08562441170215607,0.007675099186599255,0.2080344259738922,0.0,0.028367355465888977,0.06248710677027702,0.0,0.3172604441642761,0.02822926640510559,0.07693487405776978,0.0030857871752232313,0.07979246228933334,0.1157025694847107,0.14813603460788727,0.29046496748924255,0.0,0.27726423740386963,0.0,0.7910792231559753,0.12795045971870422,0.14571332931518555,0.0,0.33919188380241394,0.1139523983001709,0.2542954683303833,0.003947249613702297,0.0,0.3720776438713074,0.4638974964618683,0.17022162675857544,0.0,0.0,1.8522083759307861,0.3549548089504242,0.1292072832584381,0.10308796167373657,2.2449891567230225,0.0,0.2071456015110016,0.0,0.0,0.04132865369319916,0.0,0.0,0.4927721619606018,0.10425721853971481,0.0,0.0050788260996341705,0.44611793756484985,0.012429523281753063,0.03336633741855621,0.0,0.13416510820388794,0.0014810343272984028,0.0,0.034139323979616165,0.0,0.0,0.17726418375968933,0.0,0.0,0.0,0.200280100107193,0.09307713806629181,0.12351569533348083,0.0,0.0,0.02218332141637802,0.0,0.0,0.0,0.0,0.021773219108581543,0.0,1.2753791809082031,0.07757119834423065,0.18018409609794617,0.0,0.0,0.06013438105583191,0.0918167382478714,0.10640041530132294,0.2788749933242798,0.06492988765239716,0.180544912815094,0.0003220629005227238,0.004321956541389227,0.160126194357872,0.0,0.06522414833307266,0.3466591536998749,0.177890345454216,0.10921315103769302,0.3812125027179718,0.07050817459821701,0.08808799088001251,0.24841175973415375,0.0,0.1033431813120842,0.24828770756721497,0.03899727389216423,0.0,0.0,0.0,0.0,0.007943764328956604,0.0,0.020752709358930588,0.09038558602333069,0.04755090922117233,0.0,0.608523964881897,0.0,0.03452218696475029,0.25505396723747253,0.00031479174504056573,0.0,0.11554639786481857,0.1537938266992569,0.0002482176059857011,0.23767858743667603,0.0,0.0,0.001943687442690134
148,0.01398950070142746,0.0,0.1935686469078064,0.0,0.06688158214092255,0.014852045103907585,0.15209896862506866,0.0,0.010776881128549576,0.04234043508768082,0.0,0.23085153102874756,0.043903280049562454,0.041289638727903366,0.003334364388138056,0.08378046005964279,0.07886920869350433,0.11653901636600494,0.2411056011915207,0.0,0.21958570182323456,0.0,0.6854382753372192,0.09933828562498093,0.09573229402303696,0.0,0.26949214935302734,0.1144571453332901,0.23442442715168,0.0062715401872992516,0.0,0.30431821942329407,0.28806501626968384,0.12819452583789825,0.0,0.0,1.5054653882980347,0.2239244282245636,0.10996945947408676,0.0625230073928833,1.7058398723602295,0.0,0.14611700177192688,0.0,0.0,0.04126690700650215,0.0,0.0,0.33828824758529663,0.11979365348815918,0.0,0.004682700615376234,0.3885195255279541,0.016550647094845772,0.023116137832403183,0.0,0.11233460903167725,0.002733769593760371,0.0,0.03366328775882721,0.0,0.0,0.15221038460731506,0.0,0.0,0.0,0.14179295301437378,0.06721527874469757,0.09226425737142563,0.0,0.0,0.027476102113723755,0.0,0.0,0.0,0.0,0.03229906037449837,0.00016109482385218143,0.9659458994865417,0.05183567479252815,0.15263304114341736,0.0,0.0,0.02409892901778221,0.06456830352544785,0.0900219976902008,0.18444368243217468,0.03207739442586899,0.20857591927051544,0.00036386644933372736,0.005643509328365326,0.12803368270397186,0.0,0.0597456619143486,0.2805861234664917,0.12835851311683655,0.08004605770111084,0.3486264944076538,0.055514395236968994,0.058480776846408844,0.1985670030117035,0.0,0.09084321558475494,0.2092715948820114,0.0381011962890625,0.0,0.0,0.0,0.0,0.009624890983104706,0.0,0.010607183910906315,0.07780978083610535,0.01453404687345028,0.0,0.5225606560707092,0.0,0.022381067276000977,0.2239772528409958,0.000132097426103428,0.0,0.09854568541049957,0.1232510656118393,0.0,0.16236010193824768,0.0,0.0,0.002663251245394349
149,0.009802513755857944,0.0,0.2127441167831421,0.0,0.07481393218040466,0.021225834265351295,0.15758617222309113,0.0,0.008772412315011024,0.045998185873031616,0.0,0.2485000193119049,0.04115751013159752,0.0534726157784462,0.004174557514488697,0.08324618637561798,0.08588690310716629,0.13233274221420288,0.24735097587108612,0.0,0.211177259683609,0.0,0.7220041751861572,0.13225889205932617,0.10397400707006454,0.0,0.3115145266056061,0.10458272695541382,0.2666773498058319,0.00411654869094491,0.0,0.3150315582752228,0.28293490409851074,0.12406717240810394,0.0,0.0,1.5927832126617432,0.22114598751068115,0.13765180110931396,0.07837028801441193,1.8188412189483643,0.0,0.15196773409843445,0.0,0.0,0.042064767330884933,0.0,0.0,0.35149946808815,0.11259040981531143,0.0,0.0007624610443599522,0.3935404419898987,0.012745101936161518,0.028353333473205566,0.0,0.12138036638498306,0.0018549829255789518,0.0,0.040908314287662506,0.0,0.0,0.16201436519622803,0.0,0.0,0.0,0.12936517596244812,0.08507510274648666,0.10369972884654999,0.0,0.0,0.029955506324768066,0.0,0.0,0.0,0.0,0.02940945327281952,5.8188725233776495e-05,1.0518662929534912,0.0625234991312027,0.18281228840351105,0.0,0.0,0.039598654955625534,0.06199123337864876,0.09742461889982224,0.19533351063728333,0.04850194603204727,0.20513860881328583,0.00048458637320436537,0.004928027279675007,0.13232019543647766,0.0,0.06569138914346695,0.2852453589439392,0.12771467864513397,0.09817136079072952,0.3614428639411926,0.04681025817990303,0.0514221265912056,0.21106548607349396,0.0,0.11468092352151871,0.22868797183036804,0.03778327256441116,0.0,0.0,0.0,0.0,0.011994977481663227,0.0,0.011352979578077793,0.0871865451335907,0.020269611850380898,0.0,0.5482276082038879,0.0,0.033425889909267426,0.22397169470787048,0.00019698942196555436,0.0,0.09482413530349731,0.11886505782604218,0.00018274033209308982,0.1649196892976761,0.0,0.0,0.000917580327950418
150,0.006523206364363432,0.0,0.1953374445438385,0.0,0.09890735149383545,0.014247543178498745,0.12941451370716095,0.0,0.008520425297319889,0.07935146987438202,0.0,0.24780406057834625,0.037522368133068085,0.042433660477399826,0.005825691856443882,0.11911356449127197,0.06629934906959534,0.14426156878471375,0.3107106387615204,0.0,0.17499415576457977,0.0,0.6959723830223083,0.09516073763370514,0.1310214251279831,0.0,0.3019157350063324,0.11158009618520737,0.2738184630870819,0.005344491917639971,0.0,0.3081488609313965,0.29602012038230896,0.11489076167345047,0.0,0.0,1.5491217374801636,0.21485529839992523,0.11066050082445145,0.08251067250967026,1.7092196941375732,0.0,0.154324010014534,0.0,0.0,0.04736551269888878,0.0,0.0,0.35006508231163025,0.0894099697470665,0.0,0.0037590130232274532,0.378036230802536,0.013748903758823872,0.026567384600639343,0.0,0.1213940903544426,0.0018024513265118003,0.0,0.040684107691049576,0.0,0.0,0.19356824457645416,0.0,0.0,0.0,0.13186779618263245,0.07647547870874405,0.1146579310297966,0.0,0.0,0.028348376974463463,0.0,0.0,0.0,0.0,0.02752293273806572,0.0,1.0012043714523315,0.08734200149774551,0.15784363448619843,0.0,0.0,0.04691347852349281,0.05807638540863991,0.07321351766586304,0.22995226085186005,0.033843088895082474,0.17500247061252594,0.0002956884272862226,0.004149294458329678,0.1836034506559372,0.0,0.06406708061695099,0.3016536235809326,0.13071005046367645,0.06660030782222748,0.34071826934814453,0.07154043763875961,0.0482822023332119,0.19719001650810242,0.0,0.0647699385881424,0.22064591944217682,0.043364014476537704,0.0,0.0,0.0,0.0,0.009527741000056267,0.0,0.013807392679154873,0.07438821345567703,0.028819339349865913,0.0,0.525641143321991,0.0,0.010889485478401184,0.22351309657096863,0.00010289157944498584,0.0,0.08989349752664566,0.12263022363185883,0.0,0.19057779014110565,0.0,0.0,0.0019279078114777803
